votes,margin2020,fips,results_trumpd,results_bidenj
7147,0.39177,02901,3429,3401
10878,47.18698,02910,7813,2680
10449,37.17102,02911,6968,3084
10976,43.91399,02912,7707,2887
7550,25.82781,02913,4557,2607
11303,21.41909,02914,6632,4211
5397,1.11173,02915,2602,2542
7970,-9.1468,02916,3460,4189
6952,-18.54143,02917,2693,3982
7513,-25.14309,02918,2678,4567
5186,-21.75087,02919,1928,3056
6023,25.2864,02902,3596,2073
7217,-33.94762,02920,2277,4727
9292,-18.41369,02921,3632,5343
9350,1.01604,02922,4585,4490
7531,-2.39012,02923,3543,3723
10289,6.1522,02924,5309,4676
9164,-2.25884,02925,4323,4530
9978,6.53438,02926,5162,4510
9389,-5.581,02927,4267,4791
12642,-0.99668,02928,6099,6225
10731,41.62706,02929,7450,2983
8302,49.97591,02903,6028,1879
10174,44.68252,02930,7181,2635
12389,15.52991,02931,6956,5032
8310,11.2154,02932,4427,3495
10951,-40.88211,02933,3057,7534
10723,-11.35876,02934,4541,5759
10097,-2.38685,02935,4767,5008
9284,14.20724,02936,5111,3792
3123,0.19212,02937,1492,1486
5054,-28.07677,02938,1646,3065
5476,-29.78451,02939,1748,3379
10893,-10.18085,02904,4660,5769
3923,-6.19424,02940,1708,1951
8538,-1.11267,02905,4040,4135
9331,26.48162,02906,5695,3224
9402,49.8511,02907,6860,2173
9710,56.79712,02908,7446,1931
10866,45.62857,02909,7696,2738
19155,58.09449,48001,15062,3934
5856,69.80874,48003,4937,849
34628,46.01479,48005,25070,9136
12241,51.58075,48007,9210,2896
4796,80.35863,48009,4300,446
1112,86.33094,48011,1035,75
18085,34.03373,48013,12020,5865
14368,58.12222,48015,11282,2931
1854,55.17799,48017,1430,407
12703,59.41116,48019,10050,2503
36709,13.71326,48021,20486,15452
1680,77.32143,48023,1478,179
9405,28.91015,48025,5999,3280
125867,8.80374,48027,67113,56032
756021,-18.11484,48029,303871,440823
7419,47.49966,48031,5429,1905
412,91.99029,48033,395,16
9094,64.81196,48035,7446,1552
38194,42.83657,48037,27053,10692
154037,18.28067,48039,89939,61780
84753,14.41129,48041,47456,35242
4805,4.16233,48043,2451,2251
724,77.62431,48045,639,77
2484,-19.00161,48047,998,1470
15940,72.63488,48049,13681,2103
8604,57.57787,48051,6740,1786
24646,53.17699,48053,18721,5615
14775,9.73942,48055,7975,6536
7853,44.49255,48057,5640,2146
6826,77.2341,48059,6006,734
113789,-13.09265,48061,48834,63732
5057,44.17639,48063,3626,1392
3081,79.77929,48065,2747,289
13856,59.19457,48067,10979,2777
2082,54.51489,48069,1601,466
21641,61.66998,48071,17343,3997
19457,55.86164,48073,15065,4196
2259,71.84595,48075,1928,305
5736,77.5802,48077,5064,614
996,63.25301,48079,806,176
1794,75.25084,48081,1565,215
4128,77.25291,48083,3640,451
492216,4.3422,48085,252318,230945
1218,73.31691,48087,1048,155
9912,50.81719,48089,7440,2403
87942,43.08635,48091,62260,24369
6084,71.0881,48093,5177,852
1268,67.90221,48095,1058,197
18966,65.24307,48097,15579,3205
23425,33.53255,48099,15397,7542
665,64.66165,48101,543,113
1503,66.9328,48103,1247,241
1573,55.62619,48105,1219,344
1953,44.49565,48107,1396,527
864,-2.66204,48109,415,438
1605,74.1433,48111,1386,196
921638,-31.62847,48113,307076,598576
3789,56.55846,48115,2951,808
8118,62.49076,48123,6567,1494
4608,44.05382,48117,3293,1263
2587,67.80054,48119,2157,403
417964,8.08323,48121,222480,188695
985,73.09645,48125,850,130
3666,-24.00436,48127,1384,2264
1648,75.24272,48129,1438,198
5050,-2.59406,48131,2442,2573
8271,75.37178,48133,7216,982
44417,47.90058,48135,32586,11310
1064,68.32707,48137,893,166
254576,-34.3968,48141,81235,168801
85566,34.05325,48139,56651,27513
16837,63.87718,48143,13669,2914
6133,37.14332,48145,4177,1899
14969,63.54466,48147,12150,2638
12924,58.13216,48149,10163,2650
1826,60.02191,48151,1448,352
2035,56.21622,48153,1581,437
551,62.79492,48155,445,99
357833,-10.50658,48157,157595,195191
5000,67,48159,4153,803
8678,61.50035,48161,6966,1629
5264,7.42781,48163,2812,2421
5960,79.71477,48165,5323,572
153843,22.78882,48167,93306,58247
1651,71.47184,48169,1411,231
15817,58.99981,48171,12495,3163
653,87.59571,48173,611,39
3978,55.53042,48175,3081,872
7534,48.7656,48177,5568,1894
7745,77.36604,48179,6812,820
58760,50.29442,48181,43776,14223
47700,37.09644,48183,32352,14657
12398,53.1376,48185,9419,2831
77382,24.1878,48187,47423,28706
9560,51.16109,48189,7162,2271
1165,70.81545,48191,992,167
4347,68.36899,48193,3613,641
2046,82.20919,48195,1848,166
1580,68.92405,48197,1330,241
27555,73.8777,48199,23806,3449
1640818,-13.25942,48201,700630,918193
29462,45.8421,48203,21318,7812
2076,80.49133,48205,1866,195
2211,67.11895,48207,1837,353
108822,-10.83053,48209,47427,59213
1720,74.4186,48211,1486,206
36197,60.13758,48213,28816,7048
220884,-17.05511,48215,90527,128199
14843,60.90413,48217,11869,2829
8091,62.45211,48219,6534,1481
32580,63.98404,48221,26487,5641
15932,60.69546,48223,12713,3043
9425,50.27056,48225,7050,2312
10043,58.56816,48227,7899,2017
1157,34.57217,48229,771,371
38517,52.58977,48231,29135,8879
8741,76.67315,48233,7659,957
889,71.87852,48235,759,120
3779,81.60889,48237,3415,331
6210,65.99034,48239,5116,1018
15469,61.71698,48241,12453,2906
1304,21.62577,48243,783,501
94665,1.59827,48245,47535,46022
2034,-17.9941,48247,831,1197
13507,10.09847,48249,7389,6025
71928,52.97659,48251,54523,16418
6691,69.22732,48253,5621,989
5229,52.38095,48255,3959,1220
56435,33.99309,48257,37474,18290
26419,53.20413,48259,20064,6008
194,31.95876,48261,127,65
462,78.78788,48263,411,47
27738,51.72687,48265,20858,6510
2292,74.30192,48267,1987,284
159,89.93711,48269,151,8
1603,43.54336,48271,1144,446
11041,1.79332,48273,5557,5359
1456,62.84341,48275,1180,265
2406,11.76226,48283,1335,1052
10195,73.2614,48285,8802,1333
21338,57.54054,48277,16698,4420
4394,60.94675,48279,3513,835
10373,57.22549,48281,8070,2134
8075,55.76471,48287,6248,1745
8672,74.37731,48289,7522,1072
29314,59.72914,48291,23288,5779
9092,50.29696,48293,6786,2213
1351,79.34863,48295,1203,131
5053,66.87117,48297,4198,819
13278,51.43094,48299,9996,3167
66,84.84848,48301,60,4
120204,32.28096,48303,78560,39757
2293,62.14566,48305,1853,428
5289,58.25298,48313,4165,1084
4844,43.93064,48315,3459,1331
2160,72.63889,48317,1857,288
2700,57.11111,48319,2108,566
13710,44.56601,48321,9836,3726
15338,-9.40801,48323,6881,8324
3430,70.20408,48307,2898,490
97617,23.44059,48309,59432,36550
516,78.87597,48311,460,53
22568,39.29458,48325,15599,6731
1023,60.89932,48327,819,196
58752,56.51722,48329,45463,12258
10523,52.02889,48331,7950,2475
2502,77.65787,48333,2214,271
2578,68.73545,48335,2169,397
9812,76.60008,48337,8613,1097
271175,43.87167,48339,193224,74255
5502,59.92366,48341,4356,1059
5548,39.23937,48343,3841,1664
652,85.58282,48345,604,46
26755,31.28387,48347,17359,8989
19105,45.48548,48349,13787,5097
6096,60.81037,48351,4882,1175
5352,55.41854,48353,4127,1161
126984,2.92793,48355,64467,60749
3155,79.52456,48357,2811,302
1009,82.85431,48359,917,81
35974,63.42358,48361,29170,6354
12478,64.05674,48363,10170,2177
11452,63.4387,48365,9322,2057
75434,64.68569,48367,61584,12789
2648,62.12236,48369,2133,488
4662,39.36079,48371,3213,1378
24072,54.5987,48373,18496,5353
33177,38.77686,48375,22732,9867
2217,-33.46865,48377,721,1463
6044,71.24421,48379,5147,841
64412,58.75768,48381,50597,12750
1124,68.50534,48383,942,172
1982,66.75076,48385,1643,320
5800,56.36207,48387,4513,1244
3683,23.21477,48389,2249,1394
3366,32.73916,48391,2210,1108
550,93.09091,48393,529,17
8080,40.49505,48395,5631,2359
57792,35.80599,48397,38842,18149
4262,73.93243,48399,3682,531
21367,55.63252,48401,16511,4624
5461,75.16938,48403,4767,662
3998,50.67534,48405,3005,979
12628,61.94172,48407,10154,2332
25850,29.10638,48409,16495,8971
2602,77.67102,48411,2308,287
1158,62.86701,48413,939,211
5865,70.92924,48415,4978,818
1628,83.16953,48417,1484,130
10063,58.67038,48419,7962,2058
990,80.20202,48421,885,91
99521,39.39169,48423,68546,29343
4940,67.42915,48425,4099,768
17478,-5.00629,48427,8224,9099
3799,78.6786,48429,3385,396
639,83.41158,48431,584,51
736,67.79891,48433,615,116
1557,57.80347,48435,1222,322
2353,57.96855,48437,1842,478
834697,-0.21876,48439,409741,411567
54924,45.42641,48441,39439,14489
458,46.94323,48443,334,119
3608,56.87361,48445,2809,757
899,80.53393,48447,806,82
10530,44.73884,48449,7563,2852
44891,44.6036,48451,32129,12106
610349,-44.97804,48453,161337,435860
6938,61.34333,48455,5579,1323
9547,70.23149,48457,8095,1390
18850,68.46684,48459,15775,2869
1365,73.77289,48461,1176,169
10323,20.2848,48463,6160,4066
14417,9.97434,48465,7839,6401
25753,72.64008,48467,22126,3419
34205,37.93597,48469,23347,10371
23641,31.69494,48471,15368,7875
22617,26.86475,48473,14206,8130
4034,61.40307,48475,3238,761
17410,49.94256,48477,12949,4254
68397,-23.2788,48479,25898,41820
16709,43.21623,48481,11892,4671
2336,85.18836,48483,2158,168
45753,41.32188,48485,31930,13024
4518,56.79504,48487,3520,954
5575,-11.83857,48489,2437,3097
287696,-1.32362,48491,138649,142457
25006,48.41638,48493,18457,6350
2126,65.61618,48495,1753,358
32297,68.21996,48497,26986,4953
22665,68.27708,48499,18962,3487
2633,66.57805,48501,2172,419
8242,73.71997,48503,7112,1036
3867,5.48229,48505,2032,1820
4379,-31.37703,48507,1490,2864
10010,26.48352,27001,6258,3607
210491,1.90554,27003,104903,100892
19418,30.17819,27005,12452,6592
24131,3.15776,27007,12188,11426
22219,31.95913,27009,14382,7281
2972,27.25437,27011,1862,1052
35969,-4.44549,27013,16731,18330
14630,32.8093,27015,9550,4750
20361,-1.50778,27017,9787,10094
66119,4.90328,27019,34012,30770
18256,28.91652,27021,11621,6342
6611,30.61564,27023,4250,2226
34493,29.31609,27025,21915,11803
32215,-4.07885,27027,15031,16345
4705,44.90967,27029,3371,1258
3785,-34.16116,27031,1203,2496
6097,38.23192,27033,4165,1834
40073,29.82058,27035,25676,13726
261107,-13.91269,27037,109183,145510
12153,30.44516,27039,7774,4074
24120,32.88143,27041,15799,7868
7892,33.70502,27043,5191,2531
12104,22.71976,27045,7301,4551
16791,16.01453,27047,9578,6889
28566,14.86732,27049,16052,11805
3650,26.54795,27051,2269,1300
753159,-43.36959,27053,205966,532608
11438,12.96555,27055,6334,4851
12927,28.93169,27057,8202,4462
24162,38.70954,27059,16491,7138
26512,16.7924,27061,15239,10787
5813,37.89782,27063,3948,1745
9224,37.98786,27065,6278,2774
23313,25.72385,27067,14437,8440
2639,20.4623,27069,1546,1006
6920,21.30058,27071,4131,2657
4039,26.78881,27073,2527,1445
7200,-3.52778,27075,3392,3646
2405,42.95218,27077,1704,671
16775,30.42623,27079,10775,5671
3114,37.98972,27081,2120,937
12889,25.9834,27083,7979,4630
2303,1.34607,27087,1143,1112
5101,47.5593,27089,3721,1295
11038,37.7967,27091,7476,3304
20888,36.25527,27085,13986,6413
13496,40.68613,27093,9358,3867
14666,37.84263,27095,9953,4403
19523,53.53685,27097,14819,4367
19441,5.50383,27099,10067,8997
4883,39.19721,27101,3363,1449
19124,-3.15834,27103,9018,9622
8708,30.66146,27105,5598,2928
3434,16.01631,27107,1954,1404
91086,-10.75906,27109,39692,49492
36372,32.591,27111,23794,11940
7263,27.04117,27113,4532,2568
15998,30.25378,27115,10256,5416
4932,45.55961,27117,3553,1306
15581,28.38072,27119,9857,5435
7019,27.56803,27121,4413,2478
294513,-45.51174,27123,77324,211362
2190,34.74886,27125,1450,689
8290,41.21834,27127,5775,2358
8115,36.57425,27129,5465,2497
35608,0.17131,27131,17463,17402
5235,38.70105,27133,3580,1554
8408,46.11085,27135,6065,2188
87729,6.65002,27139,45871,40037
55486,32.72177,27141,36221,18065
8451,40.78807,27143,5864,2417
119859,-15.53659,27137,49214,67836
84647,22.53712,27145,50960,31883
21076,22.48529,27147,12656,7917
5062,22.18491,27149,3044,1921
5185,29.54677,27151,3316,1784
13238,48.8669,27153,9755,3286
1864,27.41416,27155,1173,662
13097,26.39536,27157,8153,4696
7661,45.64678,27159,5520,2023
10389,30.10877,27161,6624,3496
166267,-9.26221,27163,73764,89164
5191,21.49875,27165,3103,1987
3435,38.02038,27167,2333,1027
27108,-0.39103,27169,13227,13333
82420,28.56467,27171,51970,28427
5525,37.08597,27173,3734,1685
7063,38.31233,26001,4848,2142
5135,18.7147,26003,3014,2053
67182,25.20616,26005,41381,24447
16966,27.61995,26007,10686,6000
17347,14.37713,26009,9783,7289
8831,35.71509,26011,5928,2774
4036,25.61943,26013,2512,1478
35914,32.49151,26015,23473,11804
60985,10.97647,26017,33347,26653
12260,9.14356,26019,6601,5480
82379,7.38174,26021,43519,37438
20541,38.48888,26023,14067,6161
65568,11.41258,26025,35900,28417
26221,28.84711,26027,16686,9122
17000,17.07059,26029,9841,6939
15868,29.92816,26031,10186,5437
17675,22.80622,26033,10682,6651
16280,34.76658,26035,10860,5200
47910,6.53308,26037,25098,21968
7861,30.72128,26039,5087,2672
21154,26.47726,26041,13206,7605
14589,33.40188,26043,9617,4744
64451,0.77578,26045,31797,31297
22176,11.1517,26047,12135,9662
222969,-9.36588,26049,99199,120082
14603,36.76642,26051,9893,4524
8279,12.40488,26053,4600,3573
60227,3.02024,26055,30502,28683
19148,28.24838,26057,12102,6693
23288,47.89591,26059,17037,5883
18540,14.15858,26061,10380,7755
17523,37.66478,26063,11949,5349
144797,-32.16987,26065,47640,94221
32205,30.29343,26067,20657,10901
15386,28.52593,26069,9760,5371
6795,25.35688,26071,4216,2493
29409,2.52644,26073,14815,14072
81032,18.97645,26075,47381,32004
143376,-18.73605,26077,56823,83686
10627,41.7145,26079,7436,3003
360839,-6.14512,26081,165741,187915
1557,12.20295,26083,862,672
6332,26.18446,26085,3946,2288
52639,36.30768,26087,35480,16368
16930,-5.18606,26089,7915,8793
53448,19.87539,26091,31539,20916
127166,22.61768,26093,76982,48220
3101,40.85779,26095,2109,842
7015,23.83464,26097,4304,2632
496523,7.84938,26099,264535,225561
14654,15.1085,26101,8321,6107
37460,-11.15056,26103,16288,20465
17249,19.74027,26105,10207,6802
21077,27.95464,26107,13265,7373
12622,30.1537,26109,8120,4314
49175,14.60498,26111,27675,20493
8755,53.46659,26113,6648,1967
87148,22.64538,26115,52710,32975
32086,37.74855,26117,21815,9703
5863,43.3737,26119,4171,1628
91701,-1.05124,26121,44544,45508
27164,40.45796,26123,18864,7874
771769,-14.00238,26125,325916,433982
14080,28.03977,26127,8892,4944
11907,40.12766,26129,8253,3475
3810,25.38058,26131,2358,1391
12340,46.3047,26133,8928,3214
4874,43.57817,26135,3466,1342
14756,34.12849,26137,9779,4743
168627,21.47224,26139,100913,64705
8360,29.07895,26141,5343,2912
15018,29.99068,26143,9670,5166
103347,-0.29319,26145,50785,51088
22446,45.56714,26151,16194,5966
4745,31.6333,26153,3090,1589
39250,19.8293,26155,23154,15371
92064,30.22137,26147,59186,31363
27982,31.68465,26149,18128,9262
29495,39.31853,26157,20310,8713
39063,12.25712,26159,21591,16803
216924,-46.50892,26161,56241,157130
872383,-38.12741,26163,264553,597170
18292,34.24448,26165,12102,5838
6677,54.80006,54001,5116,1457
51535,31.22732,54003,33279,17186
9012,52.98491,54005,6816,2041
5664,47.01624,54007,4120,1457
10656,43.1494,54009,7545,2947
37360,18.00589,54011,21721,14994
2971,60.45103,54013,2364,568
3365,60.56464,54015,2679,641
3101,70.42889,54017,2619,435
16862,38.64903,54019,11580,5063
2662,53.08039,54021,2012,599
5509,77.40062,54023,4871,607
15850,39.55836,54025,10925,4655
10086,60.42038,54027,8033,1939
13800,43.5942,54029,9806,3790
6331,54.93603,54031,4859,1381
30465,37.6432,54033,20683,9215
13508,50.9772,54035,10093,3207
27703,10.48984,54037,15033,12127
82244,14.65639,54039,46398,34344
7457,56.91297,54041,5782,1538
7830,54.92976,54043,6012,1711
13026,62.9587,54045,10534,2333
25794,28.68497,54049,16300,8901
14080,49.57386,54051,10435,3455
11149,53.01821,54053,8422,2511
6527,58.44952,54047,5148,1333
25134,54.43224,54055,19237,5556
12872,57.33375,54057,10040,2660
9987,71.45289,54059,8521,1385
42072,1.23835,54061,20803,20282
6490,57.36518,54063,5068,1345
8695,52.20242,54065,6537,1998
10630,56.94262,54067,8279,2226
19898,25.78651,54069,12354,7223
3659,53.62121,54071,2782,820
3491,58.52191,54073,2742,699
4008,46.10778,54075,2895,1047
14572,55.08509,54077,11190,3163
28501,42.65114,54079,20034,7878
33106,50.41684,54081,24673,7982
12200,43.53279,54083,8673,3362
4283,71.51529,54085,3649,586
5763,47.85702,54087,4213,1455
5585,47.0188,54089,4074,1448
7383,49.85778,54091,5477,1796
3844,49.50572,54093,2841,938
3922,66.16522,54095,3226,631
10221,53.95754,54097,7771,2256
16947,50.13867,54099,12585,4088
3402,63.16872,54101,2759,610
6667,51.80741,54103,4993,1539
2653,62.87222,54105,2134,466
38403,42.04619,54107,26963,10816
8592,72.11359,54109,7353,1157
16962,9.39748,51001,9172,7578
64657,-33.50295,51003,20804,42466
81806,-63.19341,51510,14544,66240
8203,44.08143,51005,5859,2243
7894,37.73752,51007,5390,2411
17005,31.57307,51009,11041,5672
9268,46.22356,51011,6702,2418
130739,-63.50515,51013,22318,105344
42278,47.0079,51015,30714,10840
2501,47.501,51017,1834,646
48669,48.1292,51019,35600,12176
3479,68.15177,51021,2903,532
21123,44.49652,51023,15099,5700
7785,38.97238,51520,5347,2313
7948,-15.03523,51025,3357,4552
9957,67.53038,51027,8311,1587
8129,13.19966,51029,4544,3471
2815,36.87389,51530,1863,825
29901,44.06207,51031,21245,8070
16288,4.16871,51033,8336,7657
15657,62.70039,51035,12659,2842
4441,-19.43256,51036,1761,2624
6191,24.19641,51037,3815,2317
24101,-73.03431,51540,3094,20696
126655,-6.47191,51550,58180,66377
203955,-6.67255,51041,93326,106935
9337,13.62322,51043,5192,3920
9114,33.30042,51570,6007,2972
2594,23.74711,51580,1580,964
3170,61.48265,51045,2536,587
27116,19.896,51047,16012,10617
5313,14.90683,51049,3019,2227
19333,-22.14866,51590,7428,11710
7307,58.09498,51051,5748,1503
15092,16.37291,51053,8695,6224
2379,-36.06557,51595,754,1612
6178,0.5989,51057,3075,3038
601243,-41.83699,51059,168401,419943
13397,-38.74002,51600,4002,9192
8750,-64.64,51610,1490,7146
43671,17.26775,51061,25106,17565
9412,34.22227,51063,6225,3004
15846,4.67626,51065,8155,7414
29704,42.12901,51067,20895,8381
4047,-25.64863,51620,1487,2525
48718,27.40466,51069,30558,17207
12794,-35.01641,51630,4037,8517
2633,40.29624,51640,1838,777
9178,51.42733,51071,6876,2156
22284,35.50081,51073,14875,6964
16952,19.35465,51075,9966,6685
8131,61.41926,51077,6529,1535
11270,23.98403,51079,6866,4163
4574,-15.58811,51081,1914,2627
18248,15.0811,51083,10418,7666
65656,-42.32667,51650,18430,46220
70988,26.78058,51085,44318,25307
16977,-31.99034,51660,5591,11022
183299,-28.98652,51087,63440,116572
26105,29.10554,51089,16725,9127
1533,44.03131,51091,1092,417
9606,-14.66792,51670,4018,5427
23456,18.3663,51093,13707,9399
49639,-4.83491,51095,23153,25553
14227,21.38188,51099,8446,5404
10737,37.81317,51101,7320,3260
4115,20.89915,51097,2450,1590
7152,4.60011,51103,3697,3368
9947,69.12637,51105,8365,1489
2753,-32.29205,51678,908,1797
224976,-25.01778,51107,82088,138372
21916,22.92845,51109,13294,8269
6002,18.64379,51111,3537,2418
36002,-2.64152,51680,17097,18048
8133,31.99311,51113,5300,2698
16892,-24.27184,51683,6256,10356
6071,-30.48921,51685,2062,3913
6004,-26.66556,51690,2165,3766
5829,35.61503,51115,3901,1825
16207,15.19714,51117,9266,6803
6785,25.12896,51119,4196,2491
45037,-5.74861,51121,20629,23218
9318,5.20498,51125,4812,4327
14461,34.75555,51127,9636,4610
81203,-32.90765,51700,26377,53099
89491,-45.81131,51710,23443,64440
6732,-10.57635,51131,2955,3667
7815,15.77735,51133,4485,3252
1597,40.57608,51720,1112,464
7078,14.91947,51135,4027,2971
20754,21.3501,51137,12426,7995
12514,50.64728,51139,9345,3007
9535,58.00734,51141,7485,1954
14081,-76.73461,51730,1584,12389
34227,39.83989,51143,23751,10115
7819,45.41501,51735,5605,2054
44426,-40.95124,51740,12755,30948
19733,44.26595,51145,14055,5320
9575,-5.62924,51147,4434,4973
17439,17.20282,51149,10103,7103
228267,-27.0039,51153,81222,142863
17386,41.42413,51155,12127,4925
6289,-9.09525,51750,2786,3358
4979,14.3804,51157,2812,2096
4102,25.20722,51159,2547,1513
110469,-68.41014,51760,16603,92175
57439,20.90392,51161,34268,22261
43157,-25.87298,51770,15607,26773
12368,32.54366,51163,8047,4022
43646,40.565,51165,30349,12644
13368,63.62956,51167,10879,2373
13053,19.43614,51775,7685,5148
10845,67.9668,51169,9063,1692
23645,40.71474,51171,16463,6836
14104,56.40244,51173,10963,3008
9786,17.9951,51175,5730,3969
75212,6.80875,51177,39506,34385
79257,-3.29182,51179,37636,40245
12990,-9.89992,51790,5695,6981
49482,-17.36793,51800,20082,28676
4462,-8.33707,51181,2025,2397
5081,-11.96615,51183,2219,2827
20095,67.31028,51185,16731,3205
227561,-5.40778,51810,105087,117393
21037,35.48985,51187,14069,6603
28684,52.50662,51191,21678,6617
10677,5.1138,51820,5507,4961
9909,8.24503,51193,5318,4501
6845,-41.30022,51830,1963,4790
12044,-11.53271,51840,5221,6610
16584,61.84274,51195,13366,3110
15046,57.09159,51197,11733,3143
38604,6.62626,51199,20241,17683
11818,25.66424,55001,7362,4329
8757,-10.96266,55003,3841,4801
25346,26.07512,55005,15803,9194
10880,-14.0625,55007,4617,6147
144017,7.1936,55009,75871,65511
7816,25.25589,55011,4834,2860
10141,28.52776,55013,6462,3569
30774,19.62696,55015,18156,12116
35938,20.40737,55017,21317,13983
14898,36.77004,55019,10002,4524
33869,1.52647,55021,16927,16410
8695,7.67108,55023,4620,3953
344791,-52.60723,55025,78800,260185
48436,30.96664,55027,31355,16356
20117,-1.45151,55029,9752,10044
24677,-9.30016,55031,10923,13218
23524,13.9262,55033,13173,9897
58275,-10.77477,55035,25341,31620
2940,45.98639,55037,2133,781
57251,26.49037,55039,35754,20588
5053,30.95191,55041,3285,1721
25608,12.27741,55043,14142,10998
21406,-3.18602,55045,10169,10851
10671,35.83544,55047,7168,3344
13992,-13.71498,55049,5909,7828
4010,22.56858,55051,2438,1533
10184,15.07266,55053,5791,4256
47979,15.22333,55055,27208,19904
13709,29.1998,55057,8749,4746
88738,3.13169,55059,44972,42193
12095,32.66639,55061,7927,3976
67884,-13.49655,55063,28684,37846
8555,13.72297,55065,4821,3647
11165,32.47649,55067,7330,3704
16497,22.76778,55069,10017,6261
44829,23.19927,55071,27218,16818
76751,18.00107,55073,44624,30808
22979,34.54458,55075,15304,7366
9065,27.35797,55077,5719,3239
1590,-64.46541,55078,278,1303
458971,-39.85284,55079,134357,317270
22611,23.62567,55081,13775,8433
23215,40.9692,55083,16226,6715
24159,14.76054,55085,13671,10105
108022,9.92205,55087,58385,47667
61486,12.02713,55089,33912,26517
4144,26.42375,55091,2584,1489
23458,13.06164,55093,12903,9839
26371,27.45819,55095,16611,9370
40603,-2.78058,55097,19299,20428
8546,27.63866,55099,5394,3032
106451,4.05821,55101,54479,50159
9014,9.71822,55103,4871,3995
85360,-11.15276,55105,37138,46658
7886,34.74512,55107,5257,2517
36203,-1.69875,55111,17493,18108
10510,13.42531,55113,5909,4498
22607,35.57305,55115,15173,7131
66003,15.92049,55117,37609,27101
56707,15.88693,55109,32199,23190
10684,46.44328,55119,7655,2693
15220,16.74113,55121,8833,6285
15914,4.78195,55123,8218,7457
15369,21.84918,55125,9261,5903
57600,19.20486,55127,33851,22789
10378,23.77144,55129,6334,3867
88070,38.13671,55131,60237,26650
267996,20.79994,55133,159649,103906
29130,31.75077,55135,18952,9703
13568,34.10967,55137,9016,4388
94160,3.96771,55139,47796,44060
41298,19.23338,55141,24308,16365
8766,67.12298,21001,7275,1391
9363,63.48393,21003,7586,1642
13261,47.59822,21005,9651,3339
4225,59.90533,21007,3356,825
20079,47.4675,21009,14646,5115
5627,42.88253,21011,3986,1573
10044,63.23178,21013,8140,1789
66953,35.71759,21015,44811,20897
9643,30.01141,21017,6190,3296
21741,33.17235,21019,14295,7083
14467,24.7045,21021,8872,5298
4244,61.21583,21023,3397,799
5667,52.30281,21025,4265,1301
10197,52.47622,21027,7701,2350
41964,48.03403,21029,30708,10551
6125,63.37959,21031,4960,1078
6436,53.96209,21033,4905,1432
17443,31.85805,21035,11351,5794
48833,18.65337,21037,28482,19373
2638,64.29113,21039,2159,463
4135,44.44982,21041,2954,1116
11585,52.93915,21043,8775,2642
7180,73.27298,21045,6179,918
23863,28.42895,21047,15080,8296
18128,32.03332,21049,11811,6004
7590,77.0224,21051,6677,831
4932,74.55393,21053,4280,603
4242,64.1207,21055,3451,731
3309,68.3288,21057,2769,508
49240,27.90414,21059,31023,17283
6131,58.7343,21061,4828,1227
2995,51.2187,21063,2246,712
6538,57.28051,21065,5100,1355
152664,-20.77831,21067,58845,90566
7066,57.45825,21069,5534,1474
16381,51.01032,21071,12211,3855
26059,0.95936,21073,12900,12650
2421,33.62247,21075,1605,791
3849,55.41699,21077,2955,822
8703,56.57819,21079,6754,1830
11106,58.70701,21081,8725,2205
17018,56.68704,21083,13206,3559
11983,58.85838,21085,9453,2400
5812,67.41225,21087,4838,920
18176,45.06492,21089,13064,4873
4587,39.11053,21091,3145,1351
48941,23.96968,21093,29832,18101
10971,71.76192,21095,9367,1494
8853,44.43691,21097,6334,2400
8369,53.01709,21099,6345,1908
20688,24.60847,21101,12730,7639
8107,45.65191,21103,5843,2142
2199,57.11687,21105,1714,458
21509,47.97062,21107,15757,5439
6116,79.21844,21109,5450,605
386093,-20.11666,21111,150619,228288
26251,32.49019,21113,17096,8567
10193,67.09507,21115,8446,1607
82184,19.29573,21117,48123,32265
6251,53.86338,21119,4779,1412
13279,67.01559,21121,11010,2111
7301,57.26613,21123,5685,1504
28097,66.76869,21125,23234,4474
6955,63.19195,21127,5633,1238
2659,63.93381,21129,2159,459
4814,80.43207,21131,4318,446
9135,59.40887,21133,7226,1799
5883,70.76322,21135,4986,823
10913,57.13369,21137,8489,2254
5003,61.38317,21139,4010,939
12346,48.38004,21141,9067,3094
4228,47.4929,21143,3100,1092
43903,26.81594,21151,27353,15580
5446,54.37018,21153,4174,1213
8928,37.98163,21155,6113,2722
17601,52.41748,21157,13297,4071
3930,78.70229,21159,3496,403
7958,39.143,21161,5477,2362
33521,31.71146,21145,21820,11190
6435,76.75214,21147,5664,725
4782,53.51317,21149,3633,1074
14110,46.43515,21163,10184,3632
3102,50.32237,21165,2311,750
11735,46.63826,21167,8506,3033
5014,59.51336,21169,3957,973
5330,74.50281,21171,4628,657
12837,41.77767,21173,8993,3630
5535,56.4589,21175,4297,1172
14229,48.85797,21177,10496,3544
23245,36.63153,21179,15703,7188
3396,42.78563,21181,2407,954
11127,55.5226,21183,8582,2404
37936,21.47564,21185,22651,14504
5456,58.54106,21187,4292,1098
1895,76.72823,21189,1670,216
6925,60.54874,21191,5515,1322
10606,54.38431,21193,8118,2350
25368,60.77342,21195,20279,4862
5505,48.57402,21197,4041,1367
31537,62.71047,21199,25441,5664
1146,55.06108,21201,884,253
7783,69.93447,21203,6577,1134
10058,21.0181,21205,5994,3880
8939,69.10169,21207,7506,1329
28950,24.87047,21209,17764,10564
23542,29.64064,21211,15054,8076
8732,36.72698,21213,5888,2681
11429,54.30921,21215,8737,2530
12510,51.27898,21217,9376,2961
5351,53.41058,21219,4060,1202
7375,50.11525,21221,5487,1791
4319,51.28502,21223,3227,1012
6576,52.25061,21225,4965,1529
55351,16.82535,21227,31790,22477
6223,45.60501,21229,4482,1644
9240,62.01299,21231,7430,1700
5991,51.64413,21233,4506,1412
15347,65.25705,21235,12567,2552
2981,42.2677,21237,2097,837
15211,12.04392,21239,8362,6530
28425,60.34477,22001,22596,5443
9810,55.71865,22003,7574,2108
62325,32.55195,22005,40687,20399
11235,30.6008,22007,7271,3833
17292,40.76452,22009,12028,4979
16357,67.45124,22011,13575,2542
7050,11.68794,22013,3891,3067
54655,41.00631,22015,38074,15662
104912,-6.75709,22017,48021,55110
82663,35.18382,22019,55066,25982
4762,67.84964,22021,3976,745
4039,82.86705,22023,3671,324
4858,46.76822,22025,3541,1269
6580,15.79027,22027,3770,2731
8828,26.88038,22029,5550,3177
14736,24.8032,22031,9112,5457
208182,-13.04484,22033,88420,115577
3036,-27.00922,22035,1080,1900
10509,16.97593,22037,6064,4280
15412,44.73787,22039,11053,4158
9720,44.36214,22041,6970,2658
9392,74.10562,22043,8117,1157
32713,31.25363,22045,21251,11027
16719,-3.71434,22047,7893,8514
7632,42.59696,22049,5394,2143
14841,55.35341,22053,11423,3208
193733,11.0833,22051,105949,84477
7077,81.10781,22059,6378,638
114521,28.67072,22055,72519,39685
45388,60.26262,22057,36024,8672
19275,19.46563,22061,11311,7559
65230,69.94941,22063,54877,9249
4670,-15.50321,22065,1930,2654
11574,13.51305,22067,6510,4946
16554,14.87254,22069,9358,6896
177819,-68.15357,22071,26664,147854
69166,23.62722,22073,42255,25913
11014,36.29926,22075,7412,3414
12371,22.79525,22077,7503,4683
58865,32.0598,22079,38347,19475
4132,18.61084,22081,2413,1644
9940,34.02414,22083,6607,3225
10596,66.48735,22085,8776,1731
17650,28.48725,22087,11179,6151
28517,29.57183,22089,18233,9800
6158,-10.26307,22091,2714,3346
12590,-4.4162,22093,5954,6510
21432,-28.20082,22095,7538,13582
41154,14.09098,22097,23171,17372
27038,36.11214,22099,18203,8439
23186,29.13827,22101,14811,8055
140110,44.19385,22103,99666,37746
57661,32.81074,22105,37806,18887
2554,-5.16836,22107,1197,1329
46240,50.04542,22109,34339,11198
11201,51.36149,22111,8407,2654
27324,61.92724,22113,21930,5009
17268,64.91198,22115,14107,2898
19513,37.60057,22117,13307,5970
18216,31.06061,22119,11830,6172
14097,10.52706,22121,7684,6200
5052,71.39747,22123,4317,710
6268,24.96809,22125,3863,2298
6225,49.41365,22127,4619,1543
12268,-13.79198,28001,5222,6914
15811,63.4748,28003,12818,2782
7207,26.12738,28005,4503,2620
8832,18.52355,28007,5178,3542
4292,20.75955,28009,2570,1679
13755,-30.77426,28011,4671,8904
6595,41.28886,28013,4625,1902
5705,38.47502,28015,3924,1729
8148,4.47963,28017,4175,3810
4225,42.98225,28019,3001,1185
4453,-71.16551,28021,603,3772
8347,30.89733,28023,5417,2838
10206,-16.29434,28025,4181,5844
8642,-43.16131,28027,2400,6130
12897,-1.70582,28029,6250,6470
9371,26.01643,28031,5854,3416
76248,23.86554,28033,46462,28265
31725,11.14263,28035,17290,13755
4464,32.32527,28037,2923,1480
11064,76.78055,28039,9713,1218
5816,65.81843,28041,4794,966
7838,25.81016,28043,4889,2866
20957,55.48504,28045,16132,4504
75865,25.16839,28047,46822,27728
100191,-48.31672,28049,25141,73550
6542,-60.92938,28051,1196,5182
4189,-45.30914,28053,1118,3016
676,-6.95266,28055,308,355
10826,75.64197,28057,9438,1249
54623,34.63742,28059,36295,17375
8742,-0.44612,28061,4302,4341
6213,-17.14148,28065,2534,3599
3911,-71.49067,28063,531,3327
30091,42.23522,28067,21226,8517
4732,-23.24598,28069,1787,2887
23481,12.26098,28071,12949,10070
28526,46.84849,28073,20704,7340
31266,16.0142,28075,17967,12960
6617,30.60299,28077,4285,2260
9204,14.4611,28079,5228,3897
37003,32.47845,28081,24207,12189
8178,-34.49499,28083,2623,5444
16818,38.98204,28085,11596,5040
27273,2.61431,28087,13800,13087
56335,11.80616,28089,31091,24440
12194,36.78858,28091,8273,3787
15830,-3.10171,28093,7566,8057
17279,30.69043,28095,11177,5874
5078,15.67546,28097,2917,2121
11720,43.17406,28099,8320,3260
10189,38.49249,28101,6997,3075
5341,-52.42464,28103,1240,4040
19812,-6.53644,28105,9004,10299
15635,4.20211,28107,8060,7403
24056,64.21267,28109,19595,4148
5922,52.98886,28111,4500,1362
17360,-0.96198,28113,8479,8646
14377,62.15483,28115,11550,2614
10588,58.30185,28117,8312,2139
3229,-34.80954,28119,1026,2150
70655,45.35843,28121,50895,18847
10744,18.1962,28123,6285,4330
2183,-35.59322,28125,688,1465
11820,30.43993,28127,7635,4037
8327,56.0466,28129,6458,1791
7878,52.83067,28131,5964,1802
9683,-41.12362,28133,2799,6781
5691,-10.84168,28135,2488,3105
13101,34.53172,28137,8707,4183
10102,60.55237,28139,8054,1937
9147,75.15032,28141,7933,1059
3565,-46.39551,28143,926,2580
12683,64.75597,28145,10373,2160
5721,20.80056,28147,3426,2236
21056,-0.36569,28149,10365,10442
18025,-39.96117,28151,5300,12503
10065,26.65673,28153,6307,3624
5402,60.12588,28155,4291,1043
4130,-34.50363,28157,1324,2749
9244,11.59671,28159,5112,4040
6538,13.55154,28161,3671,2785
10441,-6.35954,28163,4832,5496
10337,25.98433,29001,6391,3705
9775,50.17903,29003,7256,2351
2814,58.10235,29005,2199,564
10660,47.12946,29007,7727,2703
15598,60.75779,29009,12425,2948
6077,71.15353,29011,5168,844
8435,58.36396,29013,6595,1672
10478,56.56614,29015,8106,2179
5981,73.78365,29017,5162,749
91004,-12.53022,29019,38596,49999
36713,24.5281,29021,22450,13445
18165,62.19653,29023,14599,3301
4696,60.22147,29025,3725,897
21178,42.23251,29027,14812,5868
24774,53.22112,29029,18825,5640
40252,45.05366,29031,28873,10738
4531,64.46701,29033,3706,785
2906,69.95871,29035,2451,418
57524,31.52945,29037,37172,19035
7039,65.96107,29039,5786,1143
4074,53.82916,29041,3109,916
46904,50.69504,29043,34904,11126
3394,58.75074,29045,2672,678
126618,3.99943,29047,64583,59519
10894,44.93299,29049,7789,2894
39486,33.8829,29051,26066,12687
8710,46.18829,29053,6272,2249
10973,60.25699,29055,8725,2113
4123,66.89304,29057,3414,656
8122,64.51613,29059,6620,1380
3884,60.16993,29061,3077,740
4842,59.83065,29063,3827,930
7142,69.04229,29065,5987,1056
6994,69.83128,29067,5896,1012
10419,56.96324,29069,8135,2200
53750,43.6707,29071,38034,14561
7934,58.243,29073,6222,1601
3239,60.72862,29075,2580,613
138074,20.2826,29077,81312,53307
4437,62.79017,29079,3585,799
3825,68,29081,3198,597
10776,50.14848,29083,8019,2615
5080,57.30315,29085,3965,1054
2344,69.88055,29087,1976,338
5089,42.05148,29089,3552,1412
18637,64.17342,29091,15174,3214
4592,57.73084,29093,3596,945
330425,-21.83067,29095,125897,198031
52515,46.03447,29097,37714,13539
116629,33.88008,29099,77021,37507
23134,36.77272,29101,15468,6961
1856,61.74569,29103,1486,340
16819,65.25953,29105,13755,2779
17083,45.6126,29107,12262,4470
17930,62.50418,29109,14421,3214
4607,55.5025,29111,3541,984
28814,52.57514,29113,21702,6553
5700,53.85965,29115,4344,1274
6755,57.09845,29117,5266,1409
7834,56.34414,29121,6075,1661
5671,62.84606,29123,4581,1017
4774,64.43234,29125,3890,814
13370,50.17951,29127,9910,3201
9050,66.60773,29119,7465,1437
1779,74.14278,29129,1541,222
12379,65.73229,29131,10175,2038
4756,49.6005,29133,3537,1178
7150,61.97203,29135,5738,1307
4467,56.7495,29137,3466,931
5770,56.34315,29139,4457,1206
9484,58.15057,29141,7439,1924
7248,51.03477,29143,5447,1748
28396,57.39189,29145,22090,5793
9874,40.5712,29147,6855,2849
4742,63.77056,29149,3847,823
7449,71.28474,29151,6341,1031
4870,68.00821,29153,4064,752
5727,44.70054,29155,4116,1556
9429,63.34712,29157,7634,1661
19069,47.50642,29159,13835,4776
19495,40.10772,29161,13438,5619
7686,53.85116,29163,5856,1717
58523,1.94795,29165,29251,28111
15059,59.53915,29167,11849,2883
14405,45.75495,29169,10326,3735
2361,68.74206,29171,1984,361
5662,56.35818,29173,4396,1205
10742,51.5081,29175,8018,2485
11654,44.80007,29177,8328,3107
3298,66.82838,29179,2733,529
5743,69.73707,29181,4838,833
9528,37.19563,29195,6447,2903
2005,61.49626,29197,1606,373
1985,59.0932,29199,1560,387
17748,56.43453,29201,13769,3753
3908,62.89662,29203,3164,706
3355,62.80179,29205,2699,592
222175,17.48487,29183,128193,89346
4972,59.17136,29185,3930,988
27996,48.08544,29187,20506,7044
131765,-66.17842,29510,21185,108385
528075,-23.85911,29189,196808,322802
9495,41.2217,29186,6627,2713
13410,71.93139,29207,11460,1814
18378,61.10567,29209,14716,3486
2471,60.54229,29211,1974,478
26240,57.54954,29213,20426,5325
11332,68.49629,29215,9478,1716
9164,57.10388,29217,7135,1902
18373,46.00773,29219,13222,4769
9971,62.60154,29221,8046,1804
5874,70.48008,29223,4984,844
18776,60.19386,29225,14874,3572
1107,59.80126,29227,877,215
8737,71.93545,29229,7452,1167
86091,8.39925,37001,46056,38825
20236,58.03024,37003,15888,4145
6076,50.04937,37005,4527,1486
11194,-4.18081,37007,5321,5789
15814,46.07942,37009,11451,4164
9458,52.66441,37011,7172,2191
26315,25.85598,37013,16437,9633
9815,-21.61997,37015,3817,5939
17125,13.72263,37017,9676,7326
90175,24.99584,37019,55850,33310
161569,-21.10739,37021,62412,96515
44602,40.13497,37023,31019,13118
117227,9.44748,37025,63237,52162
42829,51.07287,37027,32119,10245
5953,46.61515,37029,4312,1537
42695,42.00726,37031,30028,12093
12051,18.49639,37033,7089,4860
83425,37.03806,37035,56588,25689
48599,-11.52493,37037,21186,26787
16423,55.0752,37039,12628,3583
7784,15.72456,37041,4471,3247
6893,49.514,37043,5112,1699
51308,32.82724,37045,33798,16955
26446,27.92861,37047,16832,9446
53065,18.62621,37049,31032,21148
147150,-16.60686,37051,60032,84469
16147,46.21292,37053,11657,4195
24232,16.51535,37055,13938,9936
88514,47.47498,37057,64658,22636
25311,45.49405,37059,18228,6713
22715,22.12635,37061,13793,8767
179914,-62.37925,37063,32459,144688
25477,-27.01652,37065,9206,16089
201262,-13.89681,37067,85060,113029
37357,13.44326,37069,20904,15882
115498,27.77018,37071,73033,40959
5971,13.74979,37073,3367,2546
4665,60.12862,37075,3710,905
31598,6.58902,37077,16647,14565
8753,11.90449,37079,4874,3832
284486,-23.12662,37081,107294,173086
25759,-21.21589,37083,10080,15545
58293,22.44523,37085,35177,22093
36542,26.51743,37087,22834,13144
68371,18.7521,37089,40032,27211
10634,-34.02295,37091,3479,7097
21639,-10.86464,37093,9453,11804
2492,14.92777,37095,1418,1046
102371,32.35487,37097,67010,33888
21428,8.23689,37099,11356,9591
111362,24.32877,37101,68354,41261
5525,19.60181,37103,3280,2197
29008,14.91313,37105,16469,12143
28409,3.46721,37107,14590,13605
50217,45.93464,37109,36341,13274
20743,38.47563,37113,14211,6230
13076,23.53931,37115,7979,4901
12540,4.95215,37117,6532,5911
23003,48.04156,37111,16883,5832
567053,-35.07538,37119,179211,378107
9041,57.77016,37121,7090,1867
12849,31.78457,37123,8411,4327
58339,27.4002,37125,36764,20779
52271,-0.22957,37127,25827,25947
131840,-2.13365,37129,63333,66146
10109,-20.57572,37131,3989,6069
72235,30.19589,37133,46078,24266
84997,-51.0818,37135,20176,63594
7631,27.99109,37137,4849,2713
19897,-0.3116,37139,9770,9832
34169,29.9482,37141,21956,11723
7484,32.21539,37143,4903,2492
21894,21.55385,37145,13184,8465
87573,-9.44355,37147,38982,47252
12358,25.65949,37149,7689,4518
73316,56.29876,37151,56894,15618
20763,14.81481,37153,11830,8754
47188,18.61914,37155,27806,19020
47809,32.02117,37157,31301,15992
73408,35.66777,37159,49297,23114
34429,45.76375,37161,24891,9135
28618,22.52079,37163,17411,10966
14775,1.94247,37165,7473,7186
33939,51.05925,37167,25458,8129
25702,57.80484,37169,20143,5286
36638,51.35924,37171,27538,8721
7068,19.53877,37173,4161,2780
20404,15.64399,37175,11636,8444
1817,15.74023,37177,1044,758
131011,24.16362,37179,80382,48725
20999,-19.23901,37181,8391,12431
631830,-26.45316,37183,226197,393336
10293,-25.72622,37185,3752,6400
6205,-9.91136,37187,2781,3396
32220,-8.28988,37189,14451,17122
55537,11.69311,37191,30709,24215
35464,56.62362,37193,27591,7510
40735,-2.87959,37195,19581,20754
19923,61.08518,37197,15933,3763
11352,33.72093,37199,7516,3688
767961,-62.53638,06001,135925,616180
736,-31.92935,06003,238,473
22300,24.35874,06005,13584,8152
99780,-1.83804,06007,47568,49402
26717,24.11199,06009,16287,9845
7908,16.69196,06011,4533,3213
567882,-45.61088,06013,148623,407639
11403,15.59239,06015,6434,4656
115753,8.7609,06017,61614,51473
363271,-7.77326,06019,163880,192118
11170,27.40376,06021,7000,3939
56448,-35.24128,06023,17474,37367
50725,-26.4485,06025,18129,31545
9460,-0.12685,06027,4611,4623
284587,9.7703,06029,152778,124973
41933,12.97308,06031,23169,17729
11038,-26.44501,06033,3955,6874
11779,51.15884,06035,8798,2772
4222318,-44.26988,06037,1132647,3001862
53522,11.54479,06039,29265,23086
153475,-66.8806,06041,24007,126652
10280,18.11284,06043,5950,4088
25171,-47.63816,06045,6312,18303
88533,-10.49665,06047,38568,47861
3805,42.36531,06049,2675,1063
6713,-22.25533,06051,2504,3998
163797,-41.2822,06053,46274,113893
67847,-40.64144,06055,19388,46962
63645,-14.85898,06057,26316,35773
1520174,-9.03035,06059,675855,813132
225909,6.33795,06061,117426,103108
10950,16.27397,06063,6247,4465
964102,-8.15194,06065,433374,511967
706201,-25.5668,06067,253959,434512
28317,-24.37758,06069,10412,17315
810469,-10.72515,06071,352781,439705
1597603,-22.77731,06073,598434,962325
442969,-72.56557,06075,56329,377772
271424,-14.15829,06077,113627,152056
156562,-13.3634,06079,65907,86829
370072,-57.71228,06081,74756,288333
194378,-32.3267,06083,63583,126419
846604,-47.45312,06085,213518,615258
143757,-60.37897,06087,26688,113487
90225,32.77805,06089,58886,29312
1930,21.34715,06091,1142,730
23446,15.76815,06093,13288,9591
205640,-30.29129,06095,69234,131525
263691,-51.82392,06097,60355,197010
211701,-0.829,06099,102568,104323
42634,16.43759,06101,24372,17364
26826,34.46656,06103,17739,8493
6252,5.39028,06105,3185,2848
144448,7.7945,06107,76315,65056
29820,18.42388,06109,17302,11808
421079,-21.14211,06111,161510,250535
75023,-45.04752,06113,19825,53621
27329,21.46804,06115,16210,10343
4183,41.11881,19001,2917,1197
2158,43.46617,19003,1528,590
7459,28.93149,19005,4733,2575
6506,40.28589,19007,4512,1891
3416,35.83138,19009,2295,1071
14627,27.50393,19011,9179,5156
66549,-9.01291,19013,29623,35621
15306,15.62786,19015,8695,6303
14534,16.05202,19017,8287,5954
10764,20.9123,19019,6420,4169
8149,25.70868,19021,5056,2961
8084,38.57001,19023,5542,2424
5249,42.27472,19025,3689,1470
11306,37.88254,19027,7737,3454
7266,38.09524,19029,4969,2201
10703,17.04195,19031,6161,4337
23794,6.27889,19033,12435,10941
6503,39.35107,19035,4495,1936
6617,31.35862,19037,4308,2233
4666,35.87655,19039,3140,1466
8948,38.83549,19041,6137,2662
9581,28.86964,19043,6106,3340
24669,10.30848,19045,13349,10806
7146,36.85978,19047,4854,2220
55847,1.98399,19049,27987,26879
4099,49.25592,19051,3032,1013
3801,39.33175,19053,2615,1120
9981,35.1568,19055,6666,3157
19947,8.53261,19057,10589,8887
11230,33.63313,19059,7438,3661
53924,2.89111,19061,27214,25655
4850,35.97938,19063,3265,1520
10184,22.69246,19065,6145,3834
8026,19.46175,19067,4730,3168
5119,35.08498,19069,3422,1626
3855,42.36057,19071,2711,1078
5054,28.74951,19073,3221,1768
7260,37.50689,19075,4929,2206
6369,35.90831,19077,4272,1985
8516,24.82386,19079,4956,2842
6161,43.93767,19081,4390,1683
8975,32.02228,19083,5850,2976
8144,38.42092,19085,5569,2440
9964,32.43677,19087,6507,3275
4952,27.36268,19089,3127,1772
5321,44.67205,19091,3819,1442
3845,50.94928,19093,2876,917
9716,25.33965,19095,6009,3547
11118,26.18277,19097,6940,4029
20181,21.53015,19099,12082,7737
8952,1.42985,19101,4442,4314
83570,-43.3792,19103,22925,59177
10965,21.51391,19105,6572,4213
5291,45.03875,19107,3797,1414
9077,39.42933,19109,6275,2696
16721,19.28114,19111,9763,6539
127078,-13.77894,19113,53364,70874
5326,33.3083,19115,3500,1726
4630,43.26134,19117,3287,1284
6852,67.71745,19119,5707,1067
9806,34.39731,19121,6507,3134
11381,47.47386,19123,8297,2894
19217,33.75657,19125,12657,6170
18122,7.68679,19127,9564,8171
8247,37.24991,19129,5572,2500
5815,27.92777,19131,3677,2053
4714,39.05388,19133,3248,1407
4085,46.43819,19135,2975,1078
5320,39.02256,19137,3659,1583
20629,7.03379,19139,10823,9372
7541,56.91553,19141,5861,1569
3325,62.79699,19143,2688,600
7519,42.99774,19145,5319,2086
4950,37.39394,19147,3370,1519
14165,49.40346,19149,10492,3494
3821,49.542,19151,2825,932
257991,-15.29123,19153,106800,146250
45733,16.77345,19155,26241,18570
10124,13.34453,19157,5657,4306
2709,46.36397,19159,1964,708
5527,48.34449,19161,4061,1389
92639,-3.48557,19163,43661,46890
6781,40.37753,19165,4697,1959
18956,66.79152,19167,15680,3019
50837,-17.37907,19169,20340,29175
9026,19.12253,19171,5303,3577
3242,52.96114,19173,2463,746
6171,31.58321,19175,4010,2061
3788,52.37592,19177,2859,875
15613,23.66618,19179,9516,5821
30955,16.80181,19181,17738,12537
11757,20.48142,19183,6966,4558
3103,51.9175,19185,2338,727
17802,24.28379,19187,10927,6604
5951,26.41573,19189,3707,2135
12036,5.1346,19191,6235,5617
45172,15.56717,19193,25736,18704
4414,25.87222,19195,2738,1596
6242,34.28388,19197,4136,1996
58770,2.87732,23001,29259,27568
33686,18.71401,23003,19622,13318
193945,-35.61422,23005,59491,128563
14971,1.75673,23007,7324,7061
33035,-14.37869,23009,13662,18412
70742,-0.20638,23011,34151,34297
25303,-19.47595,23013,9870,14798
22142,-9.41198,23015,9723,11807
31884,8.88533,23017,16860,14027
78162,6.14749,23019,40132,35327
9224,26.34432,23021,5703,3273
24042,-15.70585,23023,9755,13531
23529,21.01237,23025,13915,8971
24498,-4.53098,23027,11279,12389
12058,20.33505,23029,7104,4652
130346,-14.01194,23031,54099,72363
142604,-27.16053,12001,50972,89704
14059,70.23259,12003,11911,2037
93024,43.51888,12005,66097,25614
13632,52.62617,12007,10334,3160
360764,16.44676,12009,207883,148549
957672,-29.79548,12011,333409,618752
6526,62.2893,12013,5274,1209
116340,26.62025,12015,73243,42273
93208,41.04798,12017,65352,27092
124405,37.10703,12019,84480,38317
207818,24.69902,12021,128950,77621
33042,45.1607,12023,23836,8914
12659,32.02465,12027,8313,4259
8167,66.04628,12029,6759,1365
492820,-3.81356,12031,233762,252556
170372,15.11105,12033,96674,70929
71716,20.7513,12035,43043,28161
6849,37.30472,12037,4675,2120
23762,-36.56258,12039,7465,16153
9685,63.96489,12041,7895,1700
5193,46.15829,12043,3782,1385
8163,50.56964,12045,6113,1985
5830,31.76672,12047,3815,1963
8485,45.06777,12049,6122,2298
12940,23.00618,12051,7906,4929
108922,30.19867,12053,70412,37519
52170,34.378,12055,34873,16938
712063,-6.87706,12057,327398,376367
9068,78.91487,12059,8080,924
97484,21.57072,12061,58872,37844
22419,38.9045,12063,15488,6766
8451,6.88676,12065,4479,3897
3658,71.56916,12067,3128,510
211314,20.04316,12069,125859,83505
393899,19.18055,12071,233247,157695
162929,-28.27244,12073,57453,103517
23145,45.55628,12075,16749,6205
3561,60.43246,12077,2846,694
9380,19.49893,12079,5576,3747
216958,16.04965,12081,124987,90166
204376,25.91694,12083,127826,74858
98726,24.58825,12085,61168,36893
1156816,-7.35043,12086,532833,617864
48029,7.93687,12087,25693,21881
58811,45.91318,12089,42566,15564
116373,39.14138,12091,79798,34248
15954,44.37759,12093,11470,4390
647403,-23.11018,12095,245398,395014
172436,-13.81208,12097,73480,97297
773158,-12.78665,12099,334711,433572
301970,20.051,12101,179621,119073
559715,-0.22172,12103,276209,277450
343256,14.4315,12105,194586,145049
36373,41.20364,12107,25514,10527
106928,46.54814,12113,77385,27612
270575,10.44442,12115,148370,120110
260815,-2.79393,12117,125241,132528
176622,26.66485,12109,110946,63850
172169,1.56474,12111,86831,84137
92485,36.13559,12119,62761,29341
21057,56.632,12121,16410,4485
10127,53.83628,12123,7751,2299
6245,65.33227,12125,5133,1053
307439,14.06653,12127,173821,130575
18404,40.87698,12129,12874,5351
43711,51.72382,12131,32947,10338
12327,61.07731,12133,9876,2347
5784,36.16874,53001,3881,1789
11795,25.65494,53003,7259,4233
101965,21.18864,53005,60177,38572
42387,8.18883,53007,22476,19005
48658,-3.32936,53009,22912,24532
272978,-5.13448,53011,126079,140095
2482,43.75504,53013,1754,668
59805,17.43165,53015,34314,23889
21110,24.25865,53017,12908,7787
4292,29.58993,53019,2735,1465
31833,14.76769,53021,17849,13148
1470,47.61905,53023,1062,362
37340,34.68666,53025,24703,11751
37763,6.40309,53027,19590,17172
53444,-12.11174,53029,22698,29171
24633,-41.68798,53031,6921,17190
1199885,-53.12109,53033,268322,905714
157420,-18.21497,53035,61489,90163
25579,10.84483,53037,13778,11004
13453,9.48487,53039,7223,5947
44935,33.06109,53041,29318,14462
6974,49.08231,53043,5134,1711
37060,3.83972,53045,18676,17253
20997,13.93056,53047,11758,8833
13973,1.10213,53049,6930,6776
8422,36.53526,53051,5655,2578
460354,-11.23874,53053,197578,249316
12896,-51.27171,53055,2994,9606
71802,-7.54993,53057,32247,37668
7066,9.66601,53059,3783,3100
434757,-20.74423,53061,166090,256277
292680,4.35049,53063,148244,135511
27937,42.49204,53065,19592,7721
166293,-18.79815,53067,64995,96255
2924,19.18605,53069,1711,1150
29891,8.6414,53071,15794,13211
137464,-24.1154,53073,50407,83557
19868,-9.70405,53075,8642,10570
95670,7.70252,53077,50531,43162
33434,46.54543,17001,24131,8569
2625,14.17143,17003,1486,1114
8109,41.15181,17005,5612,2275
24672,13.74027,17007,13762,10372
2523,57.27309,17009,1930,485
17182,21.83099,17011,10296,6545
2767,49.47597,17013,2043,674
8006,29.49038,17015,5098,2737
5325,37.7277,17017,3624,1615
94911,-22.62541,17019,35122,56596
16094,44.85523,17021,11505,4286
8340,50.65947,17023,6215,1990
6896,65.21172,17025,5626,1129
19139,51.23047,17027,14264,4459
22470,26.63106,17029,13981,7997
2265552,-50.12756,17031,546789,1682455
9419,51.24748,17033,7025,2198
5843,59.11347,17035,4595,1141
47717,-5.58711,17037,21818,24484
7994,43.18239,17039,5623,2171
8746,44.52321,17041,6221,2327
485064,-18.06174,17043,193611,281222
8152,52.74779,17045,6169,1869
3368,69.62589,17047,2833,488
19041,59.25634,17049,14983,3700
10033,61.89574,17051,8025,1815
6809,47.95124,17053,4956,1691
18488,47.72826,17055,13514,4690
16517,20.74832,17057,9798,6371
2673,52.30079,17059,2019,621
6224,54.91645,17061,4767,1349
26400,26.23864,17063,16372,9445
4316,60.42632,17065,3429,821
6565,63.89947,17067,5309,1114
0,,17069,0,0
3652,32.99562,17071,2391,1186
25624,21.47986,17073,15266,9762
14011,56.83392,17075,10858,2895
22575,-1.19158,17077,10835,11104
5582,62.45073,17079,4492,1006
17409,45.17204,17081,12461,4597
11942,48.09077,17083,8699,2956
12477,16.54244,17085,7161,5097
6442,58.55324,17087,5052,1280
231876,-14.40037,17089,96775,130166
49729,16.68644,17091,28410,20112
61327,-4.69451,17093,28515,31394
22716,6.14985,17095,11818,10421
52053,15.35166,17099,29482,21491
334156,-24.07199,17097,123594,204032
6379,53.84857,17101,4849,1414
16351,19.66852,17103,9584,6368
17049,44.37797,17105,12134,4568
13117,40.19974,17107,9042,3769
48934,17.86079,17115,28373,19633
23919,36.56089,17117,16058,7313
135686,13.58062,17119,75272,56845
17214,47.31033,17121,12540,4396
6343,34.55778,17123,4196,2004
6756,39.38721,17125,4645,1984
6803,48.06703,17127,4989,1719
12290,16.56631,17109,7009,4973
162766,2.62401,17111,81479,77208
87013,-3.8546,17113,40365,43719
6954,39.43054,17129,4764,2022
8750,24.18286,17131,5328,3212
21024,35.94463,17133,14046,6489
13701,40.98241,17135,9504,3889
15229,32.06383,17137,9903,5020
6698,49.16393,17139,4938,1645
26040,26.08295,17141,16092,9300
82264,-6.06341,17143,37612,42600
10060,46.67992,17145,7305,2609
9791,29.79267,17147,6219,3302
7836,60.96223,17149,6235,1458
2172,59.30018,17151,1720,432
2631,30.71076,17153,1699,891
3345,20,17155,1978,1309
14896,50.18126,17157,11065,3590
9343,70.99433,17159,7988,1355
66750,-12.0779,17161,28585,36647
11079,47.92851,17165,8096,2786
104395,4.35557,17167,53303,48756
3908,43.57728,17169,2767,1064
2730,56.22711,17171,2104,569
12049,57.33256,17173,9396,2488
125220,-8.54336,17163,56000,66698
2881,41.16626,17175,2000,814
21446,16.30607,17177,12253,8756
68358,25.9048,17179,42194,24486
8896,40.26529,17181,6157,2575
31617,32.88421,17183,20710,10313
5592,53.29041,17185,4228,1248
7916,20.01011,17187,4671,3087
7914,56.49482,17189,6110,1639
8492,70.50165,17191,7172,1185
7428,57.49865,17193,5788,1517
27254,8.35474,17195,14472,12195
344431,-8.30529,17197,154351,182957
33503,37.53097,17199,22681,10107
121982,-1.47973,17201,58796,60601
21079,40.86532,17203,14590,5976
1269,56.974,38001,981,258
5565,31.4106,38003,3568,1820
1961,13.87047,38005,1094,822
635,73.85827,38007,541,72
3471,50.53299,38009,2575,821
1657,70.42849,38011,1395,228
1155,74.19913,38013,994,137
50753,40.18679,38015,34744,14348
86053,2.68207,38017,42619,40311
2020,50.74257,38019,1499,474
2424,46.78218,38021,1742,608
1202,53.1614,38023,904,265
2338,68.8195,38025,1951,342
1261,37.35131,38027,854,383
2009,74.71379,38029,1738,237
1778,55.6243,38031,1362,373
1026,71.53996,38033,871,137
30970,13.26122,38035,16987,12880
1381,67.9218,38037,1145,207
1250,47.92,38039,907,308
1312,68.21646,38041,1091,196
1460,68.08219,38043,1215,221
2219,50.38306,38045,1645,527
1076,74.53532,38047,930,128
3003,59.94006,38049,2364,564
1455,61.30584,38051,1153,261
5419,67.68777,38053,4482,814
5536,53.61272,38055,4198,1230
4675,67.42246,38057,3856,704
16619,50.37006,38059,12243,3872
4165,37.64706,38061,2824,1256
1777,31.23241,38063,1141,586
1066,74.01501,38065,918,129
3331,50.25518,38067,2460,786
2128,51.12782,38069,1585,497
5372,36.07595,38071,3577,1639
2454,19.27465,38073,1418,945
1319,64.06368,38075,1065,220
7812,32.7957,38077,5072,2510
3804,-32.20294,38079,1257,2482
2070,25.50725,38081,1266,738
812,71.92118,38083,688,104
1186,-46.0371,38085,258,804
427,78.68852,38087,380,44
15050,63.86047,38089,12110,2499
1088,23.89706,38091,652,392
9959,43.35777,38093,6994,2676
1174,43.69676,38095,830,317
4136,24.87911,38097,2522,1493
4783,41.62659,38099,3324,1333
28246,44.89485,38101,19974,7293
2374,61.12047,38103,1893,442
14334,66.76434,38105,11739,2169
30511,38.4386,24001,20886,9158
306924,-14.66226,24003,127821,172823
382784,-25.50525,24005,139229,236859
234246,-77.00836,24510,25169,205558
48832,5.64998,24009,25346,22587
15729,32.98366,24011,10283,5095
99408,23.90351,24013,60218,36456
47273,26.71715,24015,29439,16809
89063,-41.08552,24017,25579,62171
15934,11.96812,24019,8764,6857
142809,-9.42027,24021,63101,76554
15579,55.9792,24023,12002,3281
147221,12.11444,24025,80930,63095
181324,-44.69513,24027,48390,129433
10740,-1.24767,24029,5195,5329
487558,-59.68234,24031,94335,385321
412600,-81,24033,36006,370212
30079,26.70302,24035,18741,10709
10117,14.80676,24039,5739,4241
55339,13.89255,24037,30826,23138
22400,-0.51786,24041,10946,11062
67507,21.00079,24043,40221,26044
45975,1.93583,24045,22944,22054
31567,19.04204,24047,18571,12560
8341,56.91164,13001,6526,1779
3155,46.75119,13003,2300,825
4668,72.68638,13005,4018,625
1555,15.75563,13007,897,652
18251,-1.29856,13009,8903,9140
8801,77.97978,13011,7795,932
38017,43.00971,13013,26804,10453
50467,50.69055,13015,37674,12092
6560,26.18902,13017,4110,2392
7743,66.51169,13019,6419,1269
70802,-23.84537,13021,26585,43468
5706,52.87417,13023,4328,1311
7746,81.22902,13025,6991,699
7100,20.70423,13027,4260,2790
21340,35.1687,13029,14244,6739
30084,23.74352,13031,18386,11243
10684,1.78772,13033,5400,5209
11789,43.54059,13035,8405,3272
2194,-15.36007,13037,923,1260
23688,30.74975,13039,15251,7967
4432,42.08032,13043,3134,1269
54474,38.98741,13045,37476,16238
32692,55.77817,13047,25167,6932
4566,50.72273,13049,3419,1103
133589,-18.77475,13051,53288,78369
1590,13.39623,13053,880,667
10050,61.79104,13055,8064,1854
144830,39.21356,13057,99587,42794
51333,-42.08209,13059,14446,36048
1434,-10.66946,13061,637,790
112344,-70.90988,13063,15813,95476
2864,47.4162,13065,2105,747
393746,-14.32065,13067,165459,221846
15214,39.87774,13069,10578,4511
16083,47.19269,13071,11777,4187
80579,25.78463,13073,50013,29236
7035,40.3838,13075,4900,2059
76799,35.53562,13077,51501,24210
6102,46.09964,13079,4428,1615
8052,24.85097,13081,4987,2986
7434,64.63546,13083,6066,1261
16081,67.85648,13085,13398,2486
370711,-67.3762,13089,58369,308140
11627,17.01213,13087,6758,4780
8070,45.50186,13091,5843,2171
4105,6.04141,13093,2159,1911
35308,-40.01926,13095,10449,24579
69097,-25.12121,13097,25451,42809
5187,5.49451,13099,2722,2437
1441,75.57252,13101,1256,167
31624,49.44662,13103,23357,7720
9171,36.49547,13105,6226,2879
9501,38.59594,13107,6551,2884
4247,36.82599,13109,2888,1324
14850,64.633,13111,12169,2571
69245,6.40913,13113,36375,31937
38588,41.84721,13115,27120,10972
129305,33.19207,13117,85122,42203
10786,69.31207,13119,9069,1593
524659,-46.4881,13121,137240,381144
16525,63.52194,13123,13429,2932
1566,79.69349,13125,1403,155
41984,23.19217,13127,25616,15879
24033,62.50156,13129,19405,4384
10707,31.89502,13131,7034,3619
11247,26.49595,13133,7068,4088
413865,-18.22188,13135,166413,241827
20432,63.98786,13137,16637,3563
90523,43.23653,13139,64170,25031
4165,-43.84154,13141,1159,2985
14272,73.84389,13143,12331,1792
19991,44.32995,13145,14319,5457
12727,49.55606,13147,9464,3157
5397,68.40838,13149,4516,824
122742,-20.44044,13151,48187,73276
74823,12.43201,13153,41534,32232
4168,51.00768,13155,3134,1008
37670,58.01699,13157,29497,7642
7644,53.12664,13159,5822,1761
5771,63.54185,13161,4695,1028
7642,-6.85684,13163,3537,4061
3455,25.90449,13165,2161,1266
4100,39.70732,13167,2850,1222
14966,33.92356,13169,9965,4888
9039,41.09968,13171,6330,2615
3576,41.66667,13173,2509,1019
22729,28.24585,13175,14493,8073
16714,44.56743,13177,12007,4558
21389,-24.03104,13179,7959,13099
4650,37.50538,13181,3179,1435
5656,26.43211,13183,3528,2033
46355,12.02459,13185,25691,20117
15531,58.18685,13187,12163,3126
4662,-23.03732,13193,1783,2857
14937,52.98922,13195,11326,3411
3624,26.60044,13197,2275,1311
10455,19.13917,13189,6169,4168
6696,20.96774,13191,4016,2612
10877,20.56633,13199,6524,4287
2835,46.45503,13201,2066,749
8963,10.48756,13205,4935,3995
15592,42.81683,13207,11060,4384
3966,49.94957,13209,2960,979
11707,41.64175,13211,8230,3355
15389,69.14679,13213,12943,2302
80543,-24.18584,13215,30049,49529
54239,-10.92387,13217,23869,29794
25168,33.50683,13219,16595,8162
8131,38.82671,13221,5593,2436
85385,29.06951,13223,54525,29704
12545,4.6393,13225,6502,5920
17116,65.8273,13227,14075,2808
9048,75.14368,13229,7899,1100
10720,71.10075,13231,9127,1505
17399,57.07799,13233,13589,3658
4059,39.12294,13235,2805,1217
11855,40.85196,13237,8291,3448
1106,9.6745,13239,604,497
9568,57.37876,13241,7474,1984
3074,-9.10865,13243,1391,1671
87016,-37.16903,13245,26781,59124
44686,-40.80025,13247,13012,31244
2275,58.81319,13249,1800,462
6628,18.93482,13251,3916,2661
3884,34.93821,13253,2611,1254
30116,20.82946,13255,18057,11784
11885,58.75473,13257,9368,2385
1990,-19.14573,13259,801,1182
12150,-4.82305,13261,5732,6318
3522,-20.49972,13263,1392,2114
928,-21.65948,13265,360,561
8183,48.78406,13267,6053,2061
3839,26.85595,13269,2418,1387
4333,30.8793,13271,2825,1487
4416,-8.42391,13273,2004,2376
21853,19.42983,13275,12954,8708
16283,33.54419,13277,10784,5322
10914,45.19883,13279,7872,2939
7979,60.58403,13281,6384,1550
3077,37.34157,13283,2101,952
30059,21.82707,13285,18146,11585
3792,24.76266,13287,2349,1410
4444,7.33573,13289,2370,2044
15592,63.17342,13291,12651,2801
12905,34.14955,13293,8608,4201
29436,59.12828,13295,23174,5769
51095,49.24161,13297,37842,12682
14296,39.73839,13299,9930,4249
2681,-11.60015,13301,1177,1488
9459,-0.70832,13303,4663,4730
12778,57.12944,13305,9987,2687
1390,7.84173,13307,748,639
2285,39.12473,13309,1583,689
14816,66.21895,13311,12222,2411
36746,40.72824,13313,25636,10670
3281,46.96739,13315,2403,862
5029,13.20342,13317,2823,2159
4770,12.34801,13319,2664,2075
9286,47.77084,13321,6831,2395
35527,32.17271,47001,23163,11733
19039,51.86197,47003,14317,4443
7250,57.03448,47005,5661,1526
5758,65.19625,47007,4725,971
66306,44.28106,47009,47195,17834
45968,55.13618,47011,35194,9849
14929,66.2603,47013,12330,2438
6562,59.87504,47015,5190,1261
11893,55.79753,47017,9194,2558
24868,61.364,47019,19873,4613
20091,44.1541,47021,14328,5457
7578,59.91027,47023,5951,1411
12935,64.91689,47025,10598,2201
3506,56.98802,47027,2733,735
14870,64.94956,47029,12182,2524
24313,50.01028,47031,17863,5704
6114,53.82728,47033,4673,1382
32307,57.07432,47035,25167,6728
308325,-31.92443,47037,99415,197846
8501,57.82849,47041,6663,1747
5250,63.33333,47039,4229,904
24342,47.32972,47043,17619,6098
15074,57.11158,47045,11766,3157
22928,37.77477,47047,15661,7000
8687,71.29043,47049,7403,1210
19146,47.60263,47051,13977,4863
22336,46.92425,47053,16245,5764
13202,49.12135,47055,9783,3298
10123,70.0978,47057,8559,1463
28057,60.59807,47059,22185,5183
5844,65.19507,47061,4795,985
24606,54.01934,47063,18789,5497
170735,9.74083,47065,91991,75360
2744,73.25073,47067,2372,362
10058,15.70889,47069,5760,4180
11534,67.47009,47071,9556,1774
24776,65.80158,47073,20372,4069
7420,-8.92183,47075,3338,4000
12020,64.1015,47077,9797,2092
15034,51.10416,47079,11230,3547
9832,55.40073,47081,7577,2130
3681,50.14942,47083,2715,869
8232,49.79349,47085,6116,2017
5308,56.0098,47087,4106,1133
23562,59.26492,47089,18609,4645
7793,67.03452,47091,6466,1242
219869,15.119,47093,124339,91097
2034,47.49263,47095,1492,526
8963,27.65815,47097,5672,3193
18718,64.85201,47099,15334,3195
5604,60.76017,47101,4473,1068
15575,60.02568,47103,12258,2909
29375,50.21617,47105,21684,6933
9486,71.55809,47111,8095,1307
42847,13.1001,47113,23922,18309
13204,50.80279,47115,9873,3165
14862,49.96636,47117,11029,3603
46561,36.55849,47119,31408,14386
22815,60.56542,47107,18175,4357
11267,63.38866,47109,9085,1943
5529,62.50678,47121,4464,1008
20749,62.56687,47123,16742,3760
76678,12.68943,47125,42156,32426
3539,65.41396,47127,2888,573
8218,70.15089,47129,6926,1161
13521,60.6538,47131,10790,2589
10025,58.68329,47133,7911,2028
3428,63.0105,47135,2775,615
2922,63.27858,47137,2373,524
8360,63.39713,47139,6792,1492
33481,43.42762,47141,23694,9154
13608,63.69782,47143,11031,2363
25914,50.78722,47145,19195,6034
33712,47.00107,47147,24535,8690
143931,15.41294,47149,81373,59189
9052,77.52983,47151,8004,986
7239,62.8678,47153,5846,1295
43574,57.48153,47155,33742,8695
381858,-30.29006,47157,129543,245208
9035,58.94853,47159,7124,1798
6283,59.08006,47161,4942,1230
74206,51.94728,47163,55774,17226
92529,38.66247,47165,63404,27630
27291,48.48118,47167,20063,6832
3991,48.08319,47169,2930,1011
8294,60.07958,47171,6593,1610
8096,68.29298,47173,6777,1248
2917,61.50154,47175,2338,544
16692,49.10736,47177,12323,4126
59430,36.86017,47179,40120,18214
6667,74.62127,47181,5795,820
13710,53.76368,47183,10382,3011
11867,62.80442,47185,9587,2134
138932,26.13365,47187,86469,50161
74092,37.72607,47189,50149,22197
121529,-22.72626,36001,45570,73189
17271,49.11123,36003,12670,4188
329638,-65.52218,36005,55849,271835
693937,-48.90963,36047,174731,514133
72376,8.39505,36007,38351,32275
30051,37.11357,36009,20295,9142
36433,9.20045,36011,19495,16143
59283,19.85561,36013,34846,23075
31646,24.69506,36015,19388,11573
17277,38.25896,36017,11736,5126
27471,6.0573,36019,14354,12690
34641,-15.96086,36021,14235,19764
21675,1.94233,36023,10788,10367
18763,29.48356,36025,11952,6420
119539,1.62374,36027,59661,57720
383952,-5.32853,36029,178349,198808
15185,6.47349,36031,7953,6970
15397,12.62584,36033,8530,6586
20180,40.55996,36035,13989,5804
25004,41.16141,36037,17340,7048
20882,24.16914,36039,12722,7675
3460,30.26012,36041,2225,1178
24766,39.39272,36043,17038,7282
35530,30.18857,36045,22779,12053
10878,47.46277,36049,7931,2768
31351,18.30245,36051,18139,12401
33962,10.90336,36053,18385,14682
446861,-69.95553,36061,65001,377605
378761,-20.76402,36055,145290,223936
17615,32.66534,36057,11500,5746
665658,-5.9475,36059,308765,348355
87821,18.8406,36063,51355,34809
84099,25.45571,36065,51950,30542
203354,-14.68031,36067,84117,113970
47830,10.40769,36069,25757,20779
139956,10.25322,36071,76218,61868
15625,45.3824,36073,11173,4082
44682,31.85175,36075,28930,14698
28075,4.91541,36077,14366,12986
47899,13.82492,36079,26888,20266
597928,-38.66151,36081,181225,412393
79409,-5.62783,36083,36500,40969
116024,11.12184,36087,63830,50926
35519,24.84867,36089,21862,13036
107583,5.15974,36091,55248,49697
60591,-6.83435,36093,27544,31685
13374,37.41588,36095,9010,4006
9764,17.59525,36097,5620,3902
12954,19.34538,36099,7582,5076
178751,23.98364,36085,110094,67223
38797,39.90515,36101,26781,11299
601261,12.33308,36103,333617,259463
26931,16.93216,36105,15555,10995
24769,20.66293,36107,14616,9498
33015,-39.32758,36109,9640,22624
77667,-11.62141,36111,33580,42606
27625,12.26787,36113,15200,11811
23607,25.58563,36115,14577,8537
37425,29.21844,36117,23734,12799
350749,-27.07064,36119,126013,220963
19431,45.41197,36121,13897,5073
10741,18.53645,36123,6208,4217
6292,39.51049,05001,4304,1818
7926,43.18698,05003,5548,2125
21007,53.32032,05005,15836,4635
119912,26.4494,05007,73965,42249
17114,61.86748,05009,13652,3064
3654,30.67871,05011,2335,1214
2182,53.02475,05013,1636,479
11797,28.82936,05015,7424,4023
4103,-12.38118,05017,1752,2260
8395,14.03216,05019,4616,3438
5183,60.27397,05021,4086,962
12680,65.77287,05023,10328,1988
3600,61.55556,05025,2867,651
8616,31.17456,05027,5500,2814
8685,35.45193,05029,5694,2615
38511,35.41066,05031,25558,11921
24091,56.65186,05033,18607,4959
16086,-6.72013,05035,7244,8325
6942,45.72169,05037,4946,1772
2649,23.02756,05039,1573,963
4164,-2.28146,05041,1921,2016
6908,27.83729,05043,4349,2426
54428,29.53259,05045,34421,18347
7129,61.39711,05047,5677,1300
5119,57.1596,05049,3961,1035
44199,33.99172,05051,29069,14045
8200,67.39024,05053,6794,1268
16066,59.79086,05055,12651,3045
6848,34.05374,05057,4470,2138
12557,48.73776,05059,9202,3082
4834,41.93215,05061,3367,1340
14512,58.18633,05063,11250,2806
5810,62.13425,05065,4631,1021
5091,43.7635,05067,3593,1365
25030,-21.5022,05069,9500,14882
9498,49.01032,05071,6938,2283
2679,34.26652,05073,1757,839
5857,59.56975,05075,4569,1080
2848,-4.81039,05077,1286,1423
3875,43.79355,05079,2729,1032
5178,48.04944,05081,3714,1226
8225,59.53799,05083,6441,1544
30660,52.83757,05085,22884,6684
7351,55.70671,05087,5658,1563
7503,56.67067,05089,5783,1531
16529,46.43354,05091,11920,4245
12287,22.13722,05093,7262,4542
2815,14.17407,05095,1545,1146
3873,59.77279,05097,3046,731
2119,23.59604,05099,1275,775
3998,62.10605,05101,3192,709
9629,13.4905,05103,5294,3995
4627,53.31748,05105,3479,1012
6242,-19.32073,05107,2417,3623
4246,67.71079,05109,3519,644
7521,59.75269,05111,5918,1424
8490,68.1861,05113,7035,1246
24432,50.38065,05115,18081,5772
3495,61.00143,05117,2786,654
169956,-22.51171,05119,63687,101947
6812,60.7751,05121,5355,1215
7108,-5.09285,05123,3242,3604
56959,41.25072,05125,39556,16060
3551,69.81132,05127,2962,483
4019,69.09679,05129,3365,588
47140,35.44972,05131,31198,14487
5202,53.2103,05133,3884,1116
7566,60.00529,05135,5938,1398
5938,57.8646,05137,4616,1180
16607,29.4695,05139,10478,5584
7807,56.88485,05141,6034,1593
94266,3.90385,05143,47504,43824
30885,58.94123,05145,24182,5978
2476,27.74637,05147,1543,856
6741,58.47797,05149,5226,1284
7108,59.06021,40001,5585,1387
2262,77.18833,40003,1978,232
5389,70.36556,40005,4557,765
2178,81.63453,40007,1968,190
7948,71.95521,40009,6767,1048
3901,62.75314,40011,3136,688
15976,56.46595,40013,12344,3323
9859,44.05112,40015,7013,2670
61940,43.28059,40017,43550,16742
19479,52.51296,40019,14699,4470
17714,29.33273,40021,11223,6027
5832,62.00274,40023,4698,1082
1054,85.38899,40025,970,70
119778,14.06769,40027,66677,49827
2524,68.02694,40029,2091,374
35631,20.08925,40031,20905,13747
2572,67.02955,40033,2117,393
6032,57.50995,40035,4686,1217
30505,54.80085,40037,23294,6577
10691,53.23169,40039,8060,2369
17245,58.48072,40041,13557,3472
2359,80.96651,40043,2124,214
1873,81.47357,40045,1688,162
22430,53.72715,40047,16970,4919
10922,64.20985,40049,8878,1865
23101,62.30899,40051,18538,4144
2226,73.49506,40053,1916,280
1973,64.72377,40055,1605,328
933,61.09325,40057,747,177
1487,80.09415,40059,1327,136
5014,67.45114,40061,4165,783
4857,60.86061,40063,3875,919
8221,57.7302,40065,6392,1646
2385,71.57233,40067,2026,319
4251,63.58504,40069,3441,738
17249,50.98267,40071,12834,4040
6465,72.18871,40073,5521,854
3427,57.6014,40075,2673,699
4249,62.95599,40077,3437,762
18805,63.35549,40079,15213,3299
14888,63.16497,40081,12013,2609
21574,47.06128,40083,15608,5455
4076,63.64082,40085,3305,711
3467,79.7231,40093,3084,320
6064,62.51649,40095,4891,1100
16626,55.14255,40097,12749,3581
19236,60.89104,40087,15295,3582
11467,66.5126,40089,9485,1858
8335,49.68206,40091,6172,2031
5894,58.6359,40099,4612,1156
25081,33.88621,40101,16526,8027
4938,57.06764,40103,3821,1003
4391,65.99863,40105,3610,712
4038,53.54136,40107,3058,896
294740,1.12845,40109,145050,141724
14313,37.10613,40111,9668,4357
20538,39.5316,40113,14121,6002
11438,51.22399,40115,8545,2686
6786,57.53021,40117,5267,1363
29643,23.30736,40119,17813,10904
17924,56.25418,40121,13851,3768
15320,43.65535,40123,10805,4117
28185,45.99965,40125,20240,7275
4739,70.64782,40127,4016,668
1834,79.66194,40129,1629,168
44553,54.8605,40131,34031,9589
8337,46.31162,40133,6011,2150
15386,59.00169,40135,12113,3035
19057,65.09944,40137,15560,3154
5521,65.40482,40139,4505,894
2708,54.61595,40141,2076,597
266678,15.59109,40143,150574,108996
35338,50.09055,40145,26165,8464
23501,48.02349,40147,17076,5790
4777,73.01654,40149,4086,598
3678,65.30723,40151,2993,591
7785,72.01028,40153,6611,1005
14602,40.21367,31001,10085,4213
3583,73.70918,31003,3093,452
284,84.15493,31005,260,21
410,77.80488,31007,362,43
317,77.28707,31009,280,35
3217,66.95679,31011,2653,499
5181,56.95812,31013,4002,1051
1153,75.88899,31015,1010,135
1679,76.1763,31017,1470,191
23589,43.62203,31019,16640,6350
3731,40.65934,31021,2580,1063
4478,59.33452,31023,3526,869
15284,35.22638,31025,10121,4737
4996,69.03523,31027,4174,725
1993,75.96588,31029,1740,226
3265,75.68147,31031,2844,373
4765,62.07765,31033,3813,855
3558,62.28218,31035,2848,632
3726,43.23671,31037,2636,1025
4451,59.24511,31039,3507,870
5877,71.94147,31041,4996,768
6794,17.3977,31043,3926,2744
4121,44.86775,31045,2931,1082
9178,43.87666,31047,6524,2497
1032,70.73643,31049,871,141
3083,54.62212,31051,2335,651
16835,32.29581,31053,10963,5526
274869,-11.34795,31055,119117,150309
999,77.87788,31057,883,105
3134,53.1589,31059,2359,693
1721,67.28646,31061,1434,276
1440,72.22222,31063,1229,189
2601,67.82007,31065,2163,399
11068,36.68233,31067,7445,3385
1195,71.54812,31069,1016,161
1067,74.2268,31071,925,133
1118,60.64401,31073,893,215
402,88.30846,31075,375,20
1258,62.55962,31077,1016,229
24374,34.90605,31079,16189,7681
5520,57.6087,31081,4297,1117
1928,69.139,31083,1615,282
534,86.14232,31085,494,34
1469,74.13206,31087,1264,175
5537,73.74029,31089,4769,686
442,71.71946,31091,376,59
3501,61.06827,31093,2786,648
3716,43.05705,31095,2616,1016
2229,39.07582,31097,1518,647
3604,58.85128,31099,2822,701
4364,63.72594,31101,3544,763
529,80.71834,31103,476,49
1860,69.13978,31105,1553,267
4697,59.95316,31107,3721,905
156091,-7.81659,31109,70092,82293
17107,54.82551,31111,13071,3692
450,82,31113,407,38
454,64.97797,31115,370,75
15407,53.77426,31119,11678,3393
302,85.43046,31117,275,17
4267,62.50293,31121,3407,740
2558,67.51368,31123,2113,386
1828,58.97155,31125,1437,359
3423,44.02571,31127,2428,921
2303,62.87451,31129,1857,409
8315,37.99158,31131,5649,2490
1429,52.41428,31133,1071,322
1544,72.66839,31135,1321,199
5009,67.97764,31137,4157,752
4006,74.43834,31139,3462,480
15265,56.52145,31141,11836,3208
2870,61.2892,31143,2286,527
5452,68.12179,31145,4525,811
4126,50.33931,31147,3073,996
841,78.478,31149,744,84
5770,28.50953,31151,3631,1986
95409,10.99372,31153,51518,41029
12735,45.36317,31155,9108,3331
15469,43.67445,31157,10952,4196
9142,44.32291,31159,6490,2438
2672,73.05389,31161,2292,340
1698,57.65607,31163,1322,343
729,78.1893,31165,642,72
3165,64.10742,31167,2561,532
2980,56.51007,31169,2308,624
427,77.75176,31171,377,45
2325,2.49462,31173,1180,1122
2340,63.63248,31175,1901,412
12413,40.51398,31177,8583,3554
4200,48.40476,31179,3055,1022
1876,62.68657,31181,1511,335
502,75.49801,31183,438,59
7089,51.86909,31185,5296,1619
12433,33.08936,45001,8215,4101
85185,22.67301,45003,51589,32275
3593,-52.40746,45005,835,2718
96093,42.03844,45007,67565,27169
6482,-24.57575,45009,2417,4010
10321,7.4799,45011,5492,4720
97835,9.99131,45013,53194,43419
104458,11.65444,45015,57397,45223
8291,4.82451,45017,4305,3905
218857,-12.87964,45019,93297,121485
25270,43.76731,45021,18043,6983
15757,10.90944,45023,8660,6941
18876,20.48103,45025,11297,7431
16733,0.66336,45027,8361,8250
19283,9.53171,45029,10440,8602
32417,4.9727,45031,16832,15220
13101,1.11442,45033,6582,6436
77278,10.4674,45035,41913,33824
13304,24.28593,45037,8184,4953
12136,-22.71753,45039,4625,7382
64510,2.26632,45041,32615,31153
36668,12.72226,45043,20487,15822
258155,18.20263,45045,150021,103030
32006,22.76448,45047,19431,12145
9305,-15.22837,45049,3906,5323
179744,33.18108,45051,118821,59180
14394,-0.74337,45053,7078,7185
33629,23.11101,45055,20471,12699
49868,22.81022,45057,30312,18937
30488,32.29139,45059,20004,10159
8431,-27.52936,45061,3008,5329
144568,30.10071,45063,92817,49301
14704,-21.49755,45067,5711,8872
11446,-10.8859,45069,5044,6290
5697,4.75689,45065,2958,2687
18631,24.07278,45071,11443,6958
40668,47.41812,45073,29698,10414
41205,-33.22898,45075,13603,27295
57546,50.84975,45077,42907,13645
193822,-38.31196,45079,58313,132570
9274,35.01186,45081,6210,2963
148655,27.33443,45083,93560,52926
48920,-13.03966,45085,21000,27379
13257,24.50026,45087,8183,4935
15985,-29.75915,45089,5532,10289
144050,16.46581,45091,82727,59008
259389,3.9169,16001,130699,120539
2586,52.20418,16003,1941,591
39553,21.86686,16005,23331,14682
3315,77.3454,16007,2914,350
4973,58.33501,16009,3878,977
20094,55.59371,16011,15295,4124
13288,-36.78507,16013,4031,8919
4840,47.1281,16015,3495,1214
27352,36.7761,16017,18369,8310
53995,43.617,16019,37805,14254
6313,58.8785,16021,4937,1220
1415,71.66078,16023,1202,188
754,47.48011,16025,507,149
90438,39.67138,16027,61759,25881
3416,72.45316,16029,2906,431
9629,66.91245,16031,7907,1464
311,71.70418,16033,264,41
4419,58.29373,16035,3453,877
2739,54.25338,16037,2089,603
10205,45.5169,16039,7246,2601
6664,77.85114,16041,5845,657
6719,67.71841,16043,5548,998
9958,61.73931,16045,7951,1803
6050,56.24793,16047,4659,1256
9602,65.24682,16049,7826,1561
14173,73.64708,16051,12099,1661
7812,49.16795,16053,5734,1893
89878,42.86366,16055,62837,24312
20570,-3.71415,16057,9472,10236
4738,54.03124,16059,3592,1032
1870,60.96257,16061,1489,349
1940,54.38144,16063,1469,414
17112,63.65708,16065,13559,2666
7993,58.98912,16067,6265,1550
20967,33.63381,16069,13738,6686
2451,77.47858,16071,2148,249
4742,63.32771,16073,3819,816
11293,59.33764,16075,8862,2161
3086,40.53791,16077,2116,865
6049,41.70937,16079,4216,1693
6347,-7.24752,16081,2858,3318
36680,45,16083,25897,9391
7063,13.7477,16085,3947,2976
5344,57.65344,16087,4154,1073
38453,10.41531,33001,20899,16894
33272,-1.49976,33003,16150,16649
44229,-17.23756,33005,17898,25522
16528,5.91118,33007,8617,7640
53989,-24.58834,33009,19905,33180
231040,-7.66923,33011,104625,122344
89887,-9.81454,33013,39711,48533
198943,-2.11417,33015,95858,100064
73729,-15.23417,33017,30489,41721
24383,-3.61727,33019,11508,12390
12145,63.51585,39001,9870,2156
46362,39.77611,39003,32052,13611
25883,48.50288,39005,19002,6448
44237,23.49391,39007,26890,16497
26120,-14.96937,39009,10862,14772
25396,62.48228,39011,20451,4583
33141,43.51709,39013,23560,9138
21139,57.24017,39015,16480,4380
186675,23.98768,39017,114392,69613
14233,52.65229,39019,10745,3251
20003,47.62786,39021,14589,5062
64351,23.24129,39023,39032,24076
110710,36.56219,39025,74570,34092
20563,52.47775,39027,15488,4697
49960,44.76982,39029,35726,13359
16348,48.47688,39031,11982,4057
20222,50.49946,39033,15043,4831
627160,-34.03868,39035,202699,416176
27160,63.59352,39037,22003,4731
19032,36.29676,39039,12778,5870
126318,6.82484,39041,66356,57735
39523,11.59325,39043,21724,17142
81564,23.39267,39045,49714,30634
12305,51.27184,39047,9220,2911
632532,-31.28806,39049,211237,409144
22801,39.7658,39051,15731,6664
13799,55.47503,39053,10645,2990
55381,22.75329,39055,33581,20980
88643,19.48716,39057,52072,34798
18264,48.34647,39059,13407,4577
430929,-15.86804,39061,177886,246266
37999,37.52993,39063,25796,11535
13247,51.98913,39065,9949,3062
7500,52.34667,39067,5668,1742
14788,43.39329,39069,10479,4062
19303,60.23934,39071,15369,3741
13786,41.47686,39073,9554,3836
12978,67.82247,39075,10796,1994
26628,40.91182,39077,18537,7643
14160,53.75,39079,10804,3193
33370,38.38777,39081,22828,10018
31459,43.71086,39083,22340,8589
130782,13.58291,39085,73278,55514
27427,45.2328,39087,19759,7353
94396,28.02979,39089,59514,33055
22985,54.97063,39091,17625,4990
151988,2.58376,39093,76719,72792
200559,-16.77711,39095,81763,115411
19309,40.84624,39097,13445,5558
116565,1.93454,39099,58601,56346
27126,38.476,39101,18526,8089
106041,23.38529,39103,64598,39800
10764,53.05648,39105,8163,2452
23426,64.73149,39107,19145,3981
58077,44.26537,39109,41371,15663
7066,53.7079,39111,5392,1597
269164,-2.24027,39113,129034,135064
6856,48.36639,39115,5041,1725
18088,54.15745,39117,13784,3988
39693,39.24873,39119,27334,11755
6221,62.1765,39121,5024,1156
24046,23.37187,39123,14628,9008
9280,51.23922,39125,6927,2172
16179,49.15631,39127,11959,4006
28314,46.93438,39129,20593,7304
12063,48.25499,39131,8872,3051
83022,12.44128,39133,45990,35661
21437,57.20017,39135,16697,4435
19671,66.42265,39137,16218,3152
59975,39.73656,39139,41472,17640
33365,35.12963,39141,22278,10557
29490,27.45337,39143,18487,10391
32051,42.21085,39145,22609,9080
25322,33.93097,39147,16739,8147
24785,62.89691,39149,19988,4399
190093,18.51357,39151,111097,75904
281280,-9.54032,39153,124833,151668
101152,10.55342,39155,55194,44519
44087,39.85075,39157,30458,12889
33535,31.39407,39159,21669,11141
14767,57.18155,39161,11470,3026
5902,54.54083,39163,4525,1306
136441,30.72317,39165,87988,46069
31382,40.41807,39167,21798,9114
54280,37.02837,39169,36759,16660
18290,46.42974,39171,13218,4726
67651,7.59782,39173,35757,30617
11122,49.97303,39175,8248,2690
1405,52.31317,46003,1052,317
7081,38.14433,46005,4808,2107
1183,19.27303,46007,694,466
3001,50.44985,46009,2235,721
14567,12.97453,46011,8000,6110
17547,23.03528,46013,10580,6538
2490,43.25301,46015,1750,673
549,-30.78324,46017,183,352
4802,58.14244,46019,3731,939
873,72.16495,46021,747,117
3783,36.34681,46023,2552,1177
1850,50.59459,46025,1373,437
5698,-11.00386,46027,2456,3083
13161,38.91042,46029,8958,3837
1283,1.94856,46031,647,622
5494,42.4099,46033,3852,1522
8454,35.07216,46035,5613,2648
2964,27.5641,46037,1869,1052
2350,46.38298,46039,1699,609
1966,-17.34486,46041,790,1131
1707,73.34505,46043,1468,216
1985,56.47355,46045,1538,417
4042,45.15092,46047,2878,1053
1182,64.80541,46049,964,198
3745,41.70895,46051,2618,1056
2258,58.28167,46053,1771,455
1137,81.00264,46055,1026,105
3083,55.95199,46057,2372,647
1836,57.7342,46059,1433,373
2388,51.75879,46061,1793,557
813,85.97786,46063,748,49
8723,29.45088,46065,5522,2953
3767,57.92408,46067,2944,762
710,60.28169,46069,564,136
1115,33.99103,46071,738,359
1006,44.83101,46073,721,270
599,68.11352,46075,498,90
2779,39.04282,46077,1904,819
5873,27.46467,46079,3681,2068
13828,30.48886,46081,8753,4537
32396,23.57081,46083,19617,11981
1597,32.3732,46085,1042,525
2178,19.69697,46091,1287,858
2900,44.7931,46087,2068,769
1324,64.42598,46089,1075,222
13670,48.20775,46093,9875,3285
769,19.63589,46095,449,298
1138,41.03691,46097,787,320
92326,9.4957,46099,49249,40482
3206,24.07985,46101,1951,1179
3200,-79.125,46102,297,2829
57518,25.13474,46103,35063,20606
1669,69.62253,46105,1401,239
1380,66.08696,46107,1139,227
4307,13.37358,46109,2404,1828
1185,54.68354,46111,905,257
3163,34.9668,46115,2104,998
1652,47.33656,46117,1203,421
930,58.17204,46119,726,185
2539,-56.36077,46121,532,1963
2696,61.79525,46123,2161,495
4548,47.29551,46125,3290,1139
8855,36.35234,46127,5944,2725
2580,54.30233,46129,1966,565
10900,23.53211,46135,6581,4016
906,-8.4989,46137,404,481
22022,-39.39243,50001,6292,14967
20462,-27.32382,50003,7114,12705
16169,-15.2143,50005,6551,9011
98915,-54.53571,50007,21017,74961
3288,11.19221,50009,1773,1405
25830,-9.04762,50011,11274,13611
4851,-22.57267,50013,1810,2905
14915,-40.74422,50015,4163,10240
17122,-24.04509,50017,6187,10304
14096,-4.50482,50019,6512,7147
33970,-10.47395,50021,14672,18230
35307,-46.06169,50023,8928,25191
26035,-47.3478,50025,6440,18767
34446,-38.91598,50027,9971,23376
14238,52.31774,18001,10685,3236
169000,11.17988,18003,92083,73189
36299,26.10265,18005,22409,12934
4115,48.55407,18007,3007,1009
5354,45.98431,18009,3838,1376
38500,18.45974,18011,22351,15244
8981,30.51999,18013,5777,3036
9514,51.10364,18015,7086,2224
15189,41.13503,18017,10552,4304
58040,18.20813,18019,33656,23088
12277,56.60178,18021,9498,2549
12961,46.08441,18023,9334,3361
4975,42.81407,18025,3499,1369
11971,61.87453,18027,9576,2169
19656,47.16626,18033,14237,4966
25361,55.5262,18029,19528,5446
12296,58.01887,18031,9570,2436
48191,13.18296,18035,26827,20474
21805,40.08255,18037,15032,6292
74321,28.07282,18039,46972,26108
10146,54.38596,18041,7755,2237
41761,14.10167,18043,23400,17511
7983,56.68295,18045,6154,1629
12018,62.85572,18047,9691,2137
9144,48.27209,18049,6694,2280
16165,48.19054,18051,11817,4027
27230,38.66324,18053,18543,8015
14782,52.18509,18055,11103,3389
193871,6.8071,18057,101587,88390
42907,37.52535,18059,28996,12895
20231,45.58351,18061,14565,5343
88458,23.96392,18063,53802,32604
21021,45.18815,18065,15043,5544
40619,32.32477,18067,26400,13270
17810,49.92701,18069,13147,4255
19238,53.29556,18071,14555,4302
15495,48.95127,18073,11383,3798
8466,52.38601,18075,6361,1926
14725,33.46689,18077,9659,4731
12251,56.86883,18079,9490,2523
77784,34.04299,18081,51209,24729
16027,47.33887,18083,11654,4067
35846,50.56631,18085,26476,8350
10633,54.12395,18087,8110,2355
49469,7.22068,18091,25991,22419
220233,-15.01501,18089,91733,124801
21071,50.49594,18093,15601,4961
51765,22.58476,18095,31215,19524
390405,-29.02038,18097,133968,247265
19918,40.82739,18099,13844,5712
5155,58.5451,18101,4029,1011
14493,53.0601,18103,10925,3235
63037,-28.22152,18105,22071,39861
17198,49.11036,18107,12659,4213
36214,54.48998,18109,27510,7777
6591,52.08618,18111,4942,1509
19217,49.61753,18113,14195,4660
3164,51.89633,18115,2392,750
8830,47.65572,18117,6432,2224
9915,49.07716,18119,7285,2419
7020,55.48433,18121,5398,1503
8734,24.5134,18123,5343,3202
6220,52.68489,18125,4692,1415
86410,6.08957,18127,45008,39746
13264,40.674,18129,9206,3811
5813,47.87545,18131,4246,1463
16595,50.20789,18133,12278,3946
11078,52.35602,18135,8312,2512
14264,59.49944,18137,11261,2774
7932,53.97126,18139,6035,1754
10176,45.49921,18143,7328,2698
20017,47.68447,18145,14568,5023
10781,38.45654,18147,7354,3208
115547,-5.81408,18141,53152,59870
10309,46.71646,18149,7466,2650
16175,42.12056,18151,11322,4509
9004,50.3554,18153,6687,2153
4152,52.23988,18155,3133,964
71430,-0.61039,18157,34581,35017
8124,52.63417,18159,6110,1834
3491,55.88657,18161,2687,736
77581,9.5758,18163,41844,34415
7480,40.62834,18165,5184,2145
43593,14.75466,18167,24512,18080
14598,49.78764,18169,10762,3494
4473,54.25889,18171,3401,974
33884,27.75646,18173,21324,11919
12131,52.18036,18175,9114,2784
27662,29.07599,18177,17567,9524
14080,56.29972,18179,10855,2928
11159,44.13478,18181,7957,3032
17581,49.04727,18183,12856,4233
56635,34.10082,42001,37567,18254
722493,-20.31037,42003,282324,429065
36356,52.33249,42005,27479,8453
93083,17.57679,42007,54108,37747
27574,67.66519,42009,23025,4367
205528,8.1911,42011,109727,92892
63595,43.50971,42013,45306,17636
30143,44.92585,42015,21586,8044
396234,-4.37746,42017,187367,204712
113090,32.62888,42019,74279,37379
70605,37.30897,42021,48094,21752
2434,46.71323,42023,1771,634
33285,32.11657,42025,21773,11083
77490,-4.75287,42027,36371,40054
313649,-17.04995,42029,127693,181170
19458,50.77089,42031,14550,4671
39496,49.44805,42033,29203,9673
17619,36.30172,42035,11897,5501
31171,30.68878,42037,20098,10532
41125,37.42736,42039,28002,12610
141587,10.57654,42041,77212,62237
147254,-8.52065,42043,66365,78912
328223,-26.80738,42045,118627,206615
16906,45.06093,42047,12140,4522
137184,-1.03802,42049,66912,68336
59941,34.13356,42051,39978,19518
2621,43.83823,42053,1864,715
80896,43.06764,42055,57308,22468
7978,71.93532,42057,6824,1085
17635,43.41367,42059,12556,4900
22793,50.94108,42061,17059,5448
41196,37.51092,42063,28087,12634
22824,58.85471,42065,17960,4527
12043,61.41327,42067,9649,2253
115260,-8.31685,42069,52295,61881
280485,15.90388,42071,159902,115294
46076,29.55769,42073,29597,15978
71858,31.72785,42075,46731,23932
180284,-7.54476,42077,82287,95889
153321,14.3855,42079,86929,64873
59254,41.33223,42081,41462,16971
19427,46.28095,42083,14067,5076
57948,26.0147,42085,36059,20984
21491,56.13513,42087,16663,4599
83566,-6.27289,42089,38642,43884
507910,-26.25327,42091,184698,318041
9812,21.13738,42093,5842,3768
171032,-0.65192,42095,83732,84847
42335,38.43628,42097,28975,12703
24652,50.06896,42099,18293,5950
741899,-63.52684,42101,132870,604175
32616,18.97535,42103,19241,13052
9031,60.90134,42105,7216,1716
69522,39.80754,42107,48100,20425
19140,47.40334,42109,13983,4910
40062,56.31771,42111,31105,8543
3599,47.26313,42113,2622,921
21325,41.24267,42115,14879,6084
21091,51.17823,42117,15753,4959
20115,24.26547,42119,12356,7475
26528,41.40531,42121,18569,7585
20401,39.37552,42123,14020,5987
117443,22.69271,42125,71397,44746
28089,33.62882,42127,18637,9191
202492,28.3947,42129,128596,71099
14858,35.21335,42131,9936,4704
238465,24.58013,42133,146728,88113
5661,40.89384,30001,3923,1608
4784,-5.93645,30003,2207,2491
3121,-3.84492,30005,1469,1589
4097,57.06615,30007,3173,835
7101,28.82693,30009,4468,2421
864,81.13426,30011,775,74
39884,19.70214,30013,23314,15456
2967,30.33367,30015,1888,988
5883,45.74197,30017,4205,1514
1014,59.56607,30019,799,195
4837,57.80442,30021,3758,962
4891,-7.68759,30023,2186,2562
1575,76.38095,30025,1375,172
6531,51.646,30027,4869,1496
60258,29.94955,30029,38321,20274
71507,-7.47899,30031,31696,37044
813,88.92989,30033,764,41
5639,-30.60826,30035,1884,3610
503,66.7992,30037,414,78
2102,37.15509,30039,1419,638
7182,13.58953,30041,3957,2981
8191,33.20718,30043,5345,2625
1344,56.91964,30045,1040,275
16626,14.47131,30047,9322,6916
42485,3.92138,30049,21409,19743
1083,52.81625,30051,821,249
11747,49.68928,30053,8672,2835
6113,39.58776,30057,4191,1771
1128,71.01064,30055,956,155
1110,51.8018,30059,833,258
2563,44.55716,30061,1828,686
71986,-23.62959,30063,26347,43357
2881,69.76744,30065,2423,413
11618,6.41246,30067,6025,5280
351,73.78917,30069,298,39
2386,63.70495,30071,1936,416
2995,37.66277,30073,2031,903
1136,71.83099,30075,970,154
3187,50.04707,30077,2347,752
744,64.1129,30079,603,126
28507,36.31038,30081,19114,8763
5798,67.69576,30083,4800,875
4028,2.13505,30085,1996,1910
3784,34.01163,30087,2486,1199
7652,50.18296,30089,5660,1820
2030,40.83744,30091,1403,574
18827,-14.0596,30093,7745,10392
5741,57.58579,30095,4462,1156
2446,52.78005,30097,1840,549
3695,43.32882,30099,2608,1007
2123,53.17946,30101,1596,467
460,64.13043,30103,373,78
4272,49.27434,30105,3135,1030
1068,55.99251,30107,823,225
598,73.41137,30109,516,77
83821,23.97132,30111,50772,30679
5842,44.43684,20001,4155,1559
3720,56.69355,20003,2874,765
7312,34.35449,20005,4826,2314
2313,73.84349,20007,1992,284
10961,56.36347,20009,8480,2302
6550,51.98473,20011,4910,1505
4396,48.18016,20013,3206,1088
31946,41.46685,20015,22250,9003
1478,52.30041,20017,1114,341
1634,72.52142,20019,1397,212
8945,49.84908,20021,6622,2163
1400,67,20023,1158,220
1048,70.80153,20025,885,143
4134,54.32995,20027,3129,883
4174,54.83948,20029,3182,893
4448,55.73291,20031,3407,928
904,68.47345,20033,745,126
13911,37.89088,20035,9442,4171
16125,23.44806,20037,9752,5971
1458,70.2332,20039,1232,208
9246,54.13152,20041,7045,2040
3674,61.81274,20043,2949,678
57540,-39.44908,20045,16737,39436
1413,60.86341,20047,1127,267
1347,69.71047,20049,1130,191
13501,43.96711,20051,9569,3633
2806,52.03136,20053,2106,646
11466,25.50148,20055,7079,4155
8850,32.0565,20057,5763,2926
12247,38.40124,20059,8326,3623
9311,14.6923,20061,5193,3825
1433,76.27355,20063,1256,163
1302,63.74808,20065,1052,222
2452,57.62643,20067,1910,497
2240,68.48214,20069,1871,337
629,73.13196,20071,537,77
3030,60.79208,20073,2404,562
837,65.71087,20075,684,134
2626,63.78522,20077,2128,453
17034,19.74287,20079,10015,6652
1383,60.88214,20081,1103,261
1033,69.21588,20083,866,151
6468,39.93506,20085,4435,1852
9581,32.22002,20087,6193,3106
1608,72.01493,20089,1369,211
336277,-7.92353,20091,151280,177925
1413,62.20807,20093,1134,255
3929,59.98982,20095,3102,745
1139,70.58824,20097,957,153
8414,36.03518,20099,5639,2607
888,72.40991,20101,757,114
36115,21.11311,20103,21378,13753
1570,64.14013,20105,1273,266
4903,62.7575,20107,3940,863
1437,72.79054,20109,1231,185
13622,11.03362,20111,7381,5878
5969,48.8189,20115,4377,1463
5023,48.2381,20117,3662,1239
13868,40.27257,20113,9562,3977
1807,69.00941,20119,1508,261
17624,39.62211,20121,12116,5133
3039,62.7509,20123,2454,547
13177,50.24664,20125,9768,3147
2849,47.87645,20127,2085,721
1163,73.68874,20129,1004,147
5625,65.63556,20131,4612,920
6629,46.28149,20133,4795,1727
1487,78.54741,20135,1315,147
2390,67.61506,20137,1977,361
7893,44.24173,20139,5591,2099
1899,69.24697,20141,1590,275
3159,65.74865,20143,2581,504
2712,51.36431,20145,2028,635
3278,75.7169,20147,2855,373
12815,46.7421,20149,9247,3257
4107,52.66618,20151,3087,924
1496,69.45187,20153,1253,214
27245,34.30354,20155,17948,8602
2643,66.28831,20157,2172,420
4230,52.81324,20159,3187,953
23855,-3.21107,20161,11174,11940
2661,73.73168,20163,2294,332
1748,64.87414,20165,1425,291
3429,63.40041,20167,2765,591
23911,30.49224,20169,15313,8022
2322,73.25581,20171,1991,290
213552,12.56509,20173,117653,90820
5099,30.37851,20175,3285,1736
84061,-2.54815,20177,39890,42032
1397,78.23908,20179,1237,144
2673,68.68687,20181,2222,386
2092,67.20841,20183,1734,328
2017,63.26227,20185,1631,355
767,59.97392,20187,607,147
1997,75.01252,20189,1731,233
10779,50.53344,20191,7998,2551
3794,65.4718,20193,3106,622
1603,68.80848,20195,1341,238
3861,48.09635,20197,2813,956
817,87.8825,20199,762,44
2843,65.59972,20201,2332,467
961,68.26223,20203,803,147
3899,61.55424,20205,3111,711
1495,60.60201,20207,1189,283
55107,-30.94707,20209,18512,35566
9878,50.45556,41001,7316,2332
52719,-39.69537,41003,14853,35780
255664,-11.1627,41005,110476,139015
23729,-11.34055,41007,10205,12896
31518,10.29253,41009,16779,13535
36484,20.45828,41011,21488,14024
15165,48.71744,41013,11103,3715
14920,16.25335,41015,8481,6056
121732,-8.14823,41017,54183,64102
63107,37.60756,41019,42513,18780
1178,43.29372,41021,834,324
4593,56.95624,41023,3544,928
4481,57.59875,41025,3475,894
13090,-36.73797,41027,3955,8764
126325,3.46091,41029,63814,59442
11666,23.46991,41031,7044,4306
51592,25.78307,41033,31732,18430
36331,40.70353,41035,25048,10260
4363,61.37978,41037,3470,792
221585,-24.2706,41039,80144,133924
30441,-16.13613,41041,12336,17248
72640,23.36729,41043,43486,26512
11653,42.04068,41045,8101,3202
164156,-1.04413,41047,78424,80138
5118,43.27862,41049,3586,1371
462068,-61.36456,41051,82583,366129
48291,1.68769,41053,23732,22917
1208,54.71854,41055,921,260
16725,2.09268,41057,8306,7956
32539,32.27819,41059,21002,10499
14944,40.44433,41061,10298,4254
5149,34.5504,41063,3404,1625
13904,3.5817,41065,6965,6467
319769,-34.59779,41067,98916,209549
965,51.19171,41069,711,217
58808,4.04197,41071,29500,27123
35172,-33.69442,04001,11442,23293
60442,19.56421,04003,35557,23732
73272,-24.08287,04005,27052,44698
27662,34.10455,04007,18377,8943
14995,44.78159,04009,10749,4034
3685,33.94844,04011,2433,1182
7458,38.79056,04012,5129,2236
2068144,-2.18113,04013,995665,1040774
104668,51.3089,04015,78535,24831
51767,8.25623,04017,27657,23383
520397,-18.68247,04019,207758,304981
185525,17.23272,04021,107077,75106
19556,-35.50828,04023,6194,13138
143221,29.27294,04025,91527,49602
69881,6.18766,04027,36534,32210
27639,44.55299,01001,19764,7450
108945,53.8905,01003,83055,24344
10457,7.96596,01005,5605,4772
9573,57.72485,01007,7508,1982
27459,80.00291,01009,24595,2627
4603,-49.88051,01011,1143,3439
9466,15.79337,01013,5448,3953
50743,39.11081,01015,34964,15118
15269,15.66573,01017,8748,6356
12275,72.8554,01019,10562,1619
19260,67.47664,01021,16052,3056
7461,15.65474,01023,4294,3126
13102,12.05923,01025,7310,5730
6913,62.59222,01027,5589,1262
7210,80.44383,01029,6472,672
22180,53.11993,01031,16832,5050
24668,41.56802,01033,17311,7057
6419,7.54012,01035,3435,2951
5472,33.47953,01037,3626,1794
17418,68.10196,01039,14579,2717
6617,47.81623,01041,4864,1700
41751,77.48317,01043,36804,4454
19699,46.3323,01045,14281,5154
17861,-37.53989,01047,5523,12228
29322,69.82129,01049,24744,4271
40891,48.38473,01051,30089,10304
15861,37.5134,01053,10844,4894
47460,50.26549,01055,35343,11487
8756,67.43947,01057,7295,1390
12564,65.89462,01059,10364,2085
12538,73.79167,01061,10844,1592
4771,-62.9847,01063,875,3880
7922,-18.89674,01065,3190,4687
9266,43.21174,01067,6593,2589
45750,42.94208,01069,32384,12738
23602,67.51546,01071,19644,3709
324675,-13.08786,01073,138443,180936
7187,72.21372,01075,6168,978
44149,44.63521,01077,31578,11872
15957,54.6594,01079,12266,3544
70980,20.31417,01081,42019,27600
48754,42.71855,01083,34337,13510
6830,-45.87116,01085,1835,4968
8697,-63.75762,01087,1539,7084
193955,7.9967,01089,102395,86885
10882,-1.27734,01091,5337,5476
13786,77.85434,01093,12190,1457
39492,68.91016,01095,33094,5880
181783,12.02038,01097,100605,78754
10620,16.0452,01099,6129,4425
98476,-31.42187,01101,33122,64065
53482,49.25956,01103,39504,13159
5215,-48.18792,01105,1336,3849
9659,16.28533,01107,5590,4017
13796,17.44709,01109,8020,5613
10824,58.61973,01111,8548,2203
21108,-6.07353,01113,9796,11078
114439,40.53863,01117,79428,33036
44346,64.08921,01115,36119,7698
6282,-48.40815,01119,1598,4639
35591,25.61884,01121,22210,13092
20888,43.51781,01123,14905,5815
89760,14.98106,01125,50961,37514
31106,67.90008,01127,25947,4826
8861,48.53854,01129,6554,2253
5884,-37.55948,01131,1826,4036
11273,81.72625,01133,10187,974
139523,-6.61898,34001,64054,73289
497160,-16.39995,34003,204277,285811
246427,-20.04813,34005,96583,145987
264912,-33.42657,34007,86024,174575
57457,15.95628,34009,33005,23837
62472,-6.05871,34011,28904,32689
308715,-55.04851,34013,68038,237981
173453,-1.93828,34015,83340,86702
250458,-46.21693,34017,65698,181452
82865,4.27804,34019,42203,38658
163520,-39.78535,34021,47788,112845
344738,-22.65518,34023,130801,208902
373820,2.70558,34025,189359,179245
296808,-4.34321,34027,139057,151948
322036,28.02606,34029,203613,113359
205977,-16.13724,34031,84873,118112
32448,13.31361,34033,18042,13722
174640,-20.92304,34035,67335,103875
88148,19.45478,34037,51566,34417
254034,-35.5228,34039,80000,170240
58182,15.70417,34041,32998,23861
87716,-36.28984,15001,26851,58683
382114,-26.85324,15003,136259,238869
33486,-28.78218,15007,11579,21217
71025,-35.46639,15009,22111,47301
148389,-24.16486,25001,54759,90617
70125,-47.27415,25003,17713,50864
274045,-11.66889,25005,118085,150063
12595,-56.96705,25007,2588,9763
414348,-28.8429,25009,142822,262332
41106,-44.21009,25011,10875,29048
214662,-17.75163,25013,85879,123985
85304,-46.5957,25015,21807,61555
842171,-44.64604,25017,223374,599370
7297,-45.52556,25019,1912,5234
401272,-36.02021,25021,123839,268378
298477,-17.13867,25023,120192,171347
314110,-62.70478,25025,55699,252661
425133,-17.45313,25027,169758,243957
29739,11.35882,32510,16113,12735
12890,49.03801,32001,9372,3051
972510,-9.34921,32003,430930,521852
34125,29.47692,32005,21630,11571
21967,55.46502,32007,16741,4557
487,66.94045,32009,400,74
1017,77.67945,32011,895,105
7771,53.89268,32013,5877,1689
2765,61.55515,32015,2198,496
2446,71.0139,32017,2067,330
30238,41.14359,32019,20914,8473
2335,25.43897,32021,1423,829
25378,40.34991,32023,17528,7288
2320,51.03448,32027,1731,547
2877,34.96698,32029,1908,902
252142,-4.50857,32031,116760,128128
4369,58.22843,32033,3403,859
317589,-24.44071,35001,116135,193756
2326,47.42046,35003,1698,595
22443,41.32692,35005,15656,6381
8903,-8.64877,35006,3975,4745
6016,10.97074,35007,3271,2611
15101,40.63969,35009,10444,4307
901,47.16981,35011,656,231
82640,-18.34221,35013,32800,47958
23222,51.80432,35015,17454,5424
14435,-7.18393,35017,6553,7590
2189,-14.4815,35019,917,1234
505,27.72277,35021,319,179
1969,15.03301,35023,1117,821
20918,59.61373,35025,16531,4061
10306,36.36716,35027,6942,3194
12293,-26.64931,35028,4278,7554
8104,10.38993,35029,4407,3565
26406,-38.57835,35031,7782,17969
2683,-31.38278,35033,902,1744
23571,25.60774,35035,14521,8485
3873,37.80015,35037,2634,1170
16628,-33.56988,35039,5408,10990
6608,42.85714,35041,4634,1802
52293,28.28868,35045,32874,18081
11531,-38.73905,35047,3421,7888
76562,-8.37752,35043,34174,40588
82227,-53.75485,35049,18329,62530
5945,21.48024,35051,3542,2265
7160,-6.52235,35053,3255,3722
17035,-54.98679,35055,3663,13030
7281,33.34707,35057,4772,2344
1789,56.17663,35059,1388,383
32276,9.60466,35061,17363,14263
236735,-16.28192,08001,95657,134202
7808,0.6916,08003,3813,3759
350283,-24.64208,08005,127356,213673
9144,15.86833,08007,5189,3738
2224,69.64928,08009,1866,317
2274,33.90501,08011,1503,732
206111,-56.56564,08013,42501,159089
46632,-27.41036,08014,16295,29077
13717,-6.83823,08015,6222,7160
1136,75.88028,08017,993,131
6545,-12.98701,08019,2753,3603
4333,7.54673,08021,2286,1959
2094,-27.22063,08023,741,1311
1750,47.65714,08025,1271,437
3630,37.46556,08027,2471,1111
19370,37.13991,08029,13081,5887
393824,-61.36624,08031,71617,313292
1449,51.62181,08033,1089,341
231599,7.1749,08035,121270,104653
29139,-29.8466,08037,9891,18588
378234,10.81976,08041,202560,161636
18983,50.23969,08039,14027,4490
25557,39.70732,08043,17517,7369
30904,-2.29744,08045,14717,15427
4185,-9.2951,08047,1833,2222
9869,1.7631,08049,4883,4709
10887,-31.01865,08051,3599,6976
632,15.50633,08053,353,255
4406,2.88243,08055,2203,2076
876,57.76256,08057,681,175
377351,-18.5448,08059,148414,218393
903,77.18715,08061,795,98
3870,64.10853,08063,3143,662
35667,-17.70544,08067,14233,20548
3961,-20.3484,08065,1497,2303
224333,-15.43643,08069,91488,126117
7961,9.88569,08071,4284,3497
2651,62.80649,08073,2135,470
10532,55.72541,08075,8087,2218
90613,27.98164,08077,56888,31533
756,14.55026,08079,427,317
7026,63.57814,08081,5670,1203
15500,22.3871,08083,9306,5836
24922,36.44571,08085,16770,7687
13744,41.59633,08087,9593,3876
9576,22.46241,08089,5756,3605
4020,-19.60199,08091,1577,2365
12289,16.98267,08093,6990,4903
2485,59.23541,08095,1958,486
11957,-51.92774,08097,2780,8989
5561,45.85506,08099,4008,1458
88299,-1.72142,08101,42252,43772
3691,67.73232,08103,3061,561
6305,18.4774,08105,3660,2495
16876,-27.5954,08107,5925,10582
3389,-13.8979,08109,1413,1884
563,-24.86679,08111,202,342
5146,-54.15857,08113,1136,3923
1446,56.70816,08115,1121,301
18465,-39.53967,08117,5319,12620
16939,35.20279,08119,11241,5278
3008,74.00266,08121,2595,369
166946,18.0196,08123,96133,66050
4981,66.69344,08125,4107,785
28239,-29.40968,44001,9745,18050
92571,-7.68383,44003,41999,49112
45900,-29.98475,44005,15722,29485
271306,-23.01866,44007,102546,164997
75586,-19.48774,44009,29818,44548
18617,-2.75555,56001,8579,9092
5752,69.85396,56003,4806,788
19566,76.86804,56005,16975,1935
6664,53.82653,56007,5014,1427
6970,72.53945,56009,5917,861
4119,79.46103,56011,3651,378
18111,35.82353,56013,12007,5519
6241,58.88479,56015,4878,1203
2577,58.8669,56017,1999,482
4914,60.72446,56019,3881,897
44982,28.17571,56021,27891,15217
10468,68.15055,56023,8643,1509
35202,47.55696,56025,25271,8530
1308,73.62385,56027,1118,155
16717,56.24813,56029,12813,3410
4923,61.10095,56031,3898,890
16428,47.47991,56033,11843,4043
4970,61.87123,56035,3957,882
16603,50.6294,56037,12229,3823
14677,-37.52129,56039,4341,9848
9402,62.80579,56041,7496,1591
4012,64.65603,56043,3245,651
3542,77.55505,56045,3107,360
470756,-27.26126,09001,167905,296239
450751,-27.72506,09003,159370,284341
107557,5.06243,09005,55609,50164
99198,-16.31384,09007,40665,56848
418442,-17.27217,09009,170354,242628
139604,-16.00885,09011,57110,79459
80546,-11.4059,09013,34819,44006
57078,4.2731,09015,29141,26702
3100,75.41935,49001,2695,357
27023,63.18691,49003,21548,4473
57534,37.16411,49005,38032,16650
9369,45.90671,49007,6693,2392
619,62.19709,49009,496,111
169758,27.50916,49011,104095,57396
8524,78.24965,49013,7513,843
4865,74.71737,49015,4207,572
2732,60.1757,49017,2158,514
5185,-10.76181,49019,2248,2806
24890,56.6372,49021,18989,4892
5884,75.49286,49023,5087,645
4180,45.8134,49025,2998,1083
6160,77.5974,49027,5404,624
6512,62.88391,49029,5181,1086
871,78.87486,49031,773,86
1363,71.68012,49033,1157,180
540966,-11.04173,49035,230174,289906
6877,6.1364,49037,3535,3113
12625,68.63366,49039,10459,1794
10362,76.89635,49041,9052,1084
26086,-19.1367,49043,10252,15244
31506,38.31334,49045,21014,8943
15303,75.78906,49047,13261,1663
284286,41.078,49049,192812,76033
17579,26.2131,49051,10795,6187
90457,51.69749,49053,67294,20530
1621,53.30043,49055,1229,365
111403,22.66905,49057,65949,40695
87025,-4.07124,10001,41009,44552
287633,-37.08545,10003,88364,195034
129352,11.24683,10005,71230,56682
40631,-89.42433,11001,1703,38037
31929,-79.27276,11002,2874,28185
43188,-80.57331,11003,3638,38436
44361,-89.53585,11004,1885,41604
45176,-90.15406,11005,1725,42453
58315,-82.62197,11006,4176,52357
37836,-91.83053,11007,1116,35861
32246,-90.79266,11008,1055,30332